id,orderId,flashSaleItemId,quantity
OD000001,O00001,FI00235,2
OD000002,O00002,FI00300,2
OD000003,O00003,FI00389,1
OD000004,O00003,FI00246,2
OD000005,O00004,FI00382,1
OD000006,O00004,FI00227,1
OD000007,O00005,FI00278,2
OD000008,O00005,FI00014,1
OD000009,O00006,FI00309,1
OD000010,O00007,FI00023,2
OD000011,O00007,FI00432,2
OD000012,O00008,FI00296,1
OD000013,O00009,FI00407,1
OD000014,O00010,FI00108,1
OD000015,O00010,FI00045,1
OD000016,O00011,FI00216,2
OD000017,O00012,FI00256,1
OD000018,O00012,FI00199,2
OD000019,O00013,FI00287,2
OD000020,O00013,FI00458,1
OD000021,O00014,FI00181,1
OD000022,O00014,FI00078,1
OD000023,O00015,FI00248,1
OD000024,O00015,FI00329,2
OD000025,O00016,FI00441,1
OD000026,O00017,FI00406,1
OD000027,O00018,FI00057,2
OD000028,O00019,FI00173,1
OD000029,O00020,FI00221,2
OD000030,O00020,FI00261,2
OD000031,O00021,FI00372,1
OD000032,O00021,FI00110,1
OD000033,O00022,FI00213,2
OD000034,O00023,FI00384,2
OD000035,O00024,FI00327,2
OD000036,O00025,FI00307,2
OD000037,O00025,FI00131,2
OD000038,O00026,FI00457,2
OD000039,O00027,FI00189,2
OD000040,O00028,FI00114,2
OD000041,O00028,FI00270,1
OD000042,O00029,FI00010,1
OD000043,O00029,FI00304,2
OD000044,O00030,FI00167,1
OD000045,O00031,FI00298,1
OD000046,O00031,FI00244,2
OD000047,O00032,FI00302,2
OD000048,O00033,FI00444,1
OD000049,O00034,FI00395,1
OD000050,O00035,FI00072,1
OD000051,O00035,FI00267,1
OD000052,O00036,FI00090,2
OD000053,O00036,FI00308,1
OD000054,O00037,FI00195,1
OD000055,O00038,FI00264,1
OD000056,O00039,FI00066,1
OD000057,O00040,FI00053,1
OD000058,O00040,FI00069,1
OD000059,O00041,FI00306,2
OD000060,O00041,FI00234,2
OD000061,O00042,FI00391,2
OD000062,O00043,FI00046,1
OD000063,O00043,FI00236,1
OD000064,O00044,FI00183,2
OD000065,O00045,FI00352,2
OD000066,O00045,FI00165,1
OD000067,O00046,FI00206,2
OD000068,O00047,FI00166,2
OD000069,O00048,FI00037,2
OD000070,O00048,FI00088,2
OD000071,O00049,FI00099,2
OD000072,O00049,FI00202,1
OD000073,O00050,FI00408,2
OD000074,O00051,FI00261,2
OD000075,O00051,FI00092,2
OD000076,O00052,FI00006,2
OD000077,O00053,FI00430,1
OD000078,O00053,FI00247,1
OD000079,O00054,FI00323,1
OD000080,O00055,FI00058,1
OD000081,O00055,FI00265,1
OD000082,O00056,FI00463,2
OD000083,O00056,FI00322,2
OD000084,O00057,FI00359,1
OD000085,O00057,FI00198,1
OD000086,O00058,FI00274,2
OD000087,O00058,FI00298,1
OD000088,O00059,FI00150,2
OD000089,O00059,FI00423,2
OD000090,O00060,FI00030,2
OD000091,O00060,FI00449,2
OD000092,O00061,FI00202,1
OD000093,O00062,FI00203,2
OD000094,O00062,FI00041,1
OD000095,O00063,FI00351,2
OD000096,O00063,FI00333,1
OD000097,O00064,FI00357,1
OD000098,O00065,FI00066,1
OD000099,O00066,FI00425,2
OD000100,O00066,FI00323,2
OD000101,O00067,FI00307,1
OD000102,O00068,FI00251,2
OD000103,O00069,FI00432,1
OD000104,O00069,FI00061,1
OD000105,O00070,FI00473,2
OD000106,O00071,FI00283,2
OD000107,O00071,FI00314,1
OD000108,O00072,FI00294,1
OD000109,O00072,FI00002,1
OD000110,O00073,FI00394,2
OD000111,O00073,FI00014,2
OD000112,O00074,FI00143,2
OD000113,O00074,FI00309,1
OD000114,O00075,FI00401,1
OD000115,O00075,FI00330,1
OD000116,O00076,FI00361,1
OD000117,O00077,FI00246,2
OD000118,O00077,FI00164,2
OD000119,O00078,FI00425,2
OD000120,O00079,FI00027,2
OD000121,O00080,FI00404,2
OD000122,O00081,FI00206,1
OD000123,O00082,FI00016,2
OD000124,O00083,FI00246,1
OD000125,O00084,FI00038,1
OD000126,O00085,FI00078,1
OD000127,O00085,FI00272,2
OD000128,O00086,FI00092,1
OD000129,O00086,FI00195,2
OD000130,O00087,FI00181,2
OD000131,O00087,FI00037,2
OD000132,O00088,FI00412,2
OD000133,O00089,FI00135,2
OD000134,O00090,FI00132,2
OD000135,O00090,FI00088,2
OD000136,O00091,FI00427,2
OD000137,O00091,FI00229,2
OD000138,O00092,FI00489,2
OD000139,O00093,FI00417,2
OD000140,O00093,FI00380,1
OD000141,O00094,FI00390,2
OD000142,O00094,FI00471,2
OD000143,O00095,FI00144,2
OD000144,O00095,FI00280,1
OD000145,O00096,FI00139,1
OD000146,O00097,FI00380,2
OD000147,O00098,FI00233,2
OD000148,O00099,FI00236,1
OD000149,O00099,FI00259,2
OD000150,O00100,FI00476,2
OD000151,O00101,FI00458,1
OD000152,O00101,FI00460,2
OD000153,O00102,FI00321,1
OD000154,O00103,FI00268,2
OD000155,O00104,FI00251,1
OD000156,O00104,FI00171,1
OD000157,O00105,FI00400,2
OD000158,O00105,FI00334,1
OD000159,O00106,FI00126,2
OD000160,O00106,FI00366,2
OD000161,O00107,FI00054,1
OD000162,O00108,FI00227,1
OD000163,O00109,FI00063,1
OD000164,O00109,FI00421,1
OD000165,O00110,FI00407,1
OD000166,O00111,FI00028,2
OD000167,O00111,FI00484,2
OD000168,O00112,FI00103,2
OD000169,O00112,FI00225,1
OD000170,O00113,FI00218,1
OD000171,O00114,FI00328,2
OD000172,O00114,FI00217,1
OD000173,O00115,FI00098,1
OD000174,O00115,FI00066,1
OD000175,O00116,FI00083,1
OD000176,O00116,FI00311,2
OD000177,O00117,FI00017,2
OD000178,O00117,FI00297,1
OD000179,O00118,FI00011,1
OD000180,O00119,FI00415,1
OD000181,O00119,FI00193,1
OD000182,O00120,FI00148,1
OD000183,O00120,FI00132,2
OD000184,O00121,FI00147,1
OD000185,O00122,FI00223,2
OD000186,O00122,FI00128,2
OD000187,O00123,FI00082,2
OD000188,O00124,FI00136,2
OD000189,O00125,FI00337,1
OD000190,O00126,FI00499,2
OD000191,O00126,FI00185,1
OD000192,O00127,FI00380,1
OD000193,O00127,FI00292,2
OD000194,O00128,FI00135,2
OD000195,O00128,FI00436,2
OD000196,O00129,FI00113,1
OD000197,O00130,FI00289,2
OD000198,O00131,FI00253,1
OD000199,O00131,FI00082,1
OD000200,O00132,FI00289,2
OD000201,O00133,FI00337,2
OD000202,O00133,FI00025,1
OD000203,O00134,FI00332,2
OD000204,O00135,FI00054,2
OD000205,O00136,FI00283,2
OD000206,O00137,FI00316,1
OD000207,O00138,FI00281,2
OD000208,O00139,FI00450,2
OD000209,O00140,FI00312,1
OD000210,O00141,FI00169,2
OD000211,O00142,FI00361,1
OD000212,O00142,FI00224,2
OD000213,O00143,FI00003,2
OD000214,O00143,FI00478,1
OD000215,O00144,FI00329,1
OD000216,O00145,FI00064,1
OD000217,O00146,FI00490,1
OD000218,O00147,FI00226,2
OD000219,O00147,FI00021,1
OD000220,O00148,FI00282,2
OD000221,O00148,FI00005,1
OD000222,O00149,FI00237,2
OD000223,O00150,FI00103,1
OD000224,O00150,FI00283,1
OD000225,O00151,FI00259,2
OD000226,O00151,FI00282,2
OD000227,O00152,FI00185,2
OD000228,O00153,FI00246,1
OD000229,O00154,FI00474,2
OD000230,O00154,FI00400,2
OD000231,O00155,FI00094,1
OD000232,O00155,FI00497,2
OD000233,O00156,FI00401,2
OD000234,O00157,FI00082,2
OD000235,O00158,FI00123,2
OD000236,O00158,FI00427,1
OD000237,O00159,FI00467,2
OD000238,O00160,FI00130,2
OD000239,O00161,FI00042,1
OD000240,O00161,FI00255,1
OD000241,O00162,FI00395,2
OD000242,O00163,FI00064,2
OD000243,O00163,FI00111,1
OD000244,O00164,FI00098,1
OD000245,O00164,FI00143,1
OD000246,O00165,FI00060,1
OD000247,O00166,FI00295,2
OD000248,O00166,FI00092,2
OD000249,O00167,FI00098,2
OD000250,O00167,FI00237,2
OD000251,O00168,FI00229,1
OD000252,O00169,FI00037,2
OD000253,O00170,FI00337,1
OD000254,O00170,FI00262,1
OD000255,O00171,FI00494,1
OD000256,O00172,FI00288,2
OD000257,O00173,FI00087,2
OD000258,O00174,FI00467,2
OD000259,O00175,FI00284,1
OD000260,O00175,FI00062,1
OD000261,O00176,FI00486,1
OD000262,O00177,FI00250,2
OD000263,O00178,FI00429,2
OD000264,O00178,FI00234,1
OD000265,O00179,FI00093,2
OD000266,O00179,FI00489,1
OD000267,O00180,FI00117,1
OD000268,O00180,FI00171,1
OD000269,O00181,FI00094,2
OD000270,O00182,FI00014,1
OD000271,O00183,FI00371,2
OD000272,O00183,FI00443,1
OD000273,O00184,FI00414,1
OD000274,O00185,FI00035,1
OD000275,O00185,FI00053,1
OD000276,O00186,FI00429,1
OD000277,O00186,FI00076,1
OD000278,O00187,FI00238,1
OD000279,O00187,FI00440,2
OD000280,O00188,FI00499,2
OD000281,O00188,FI00174,1
OD000282,O00189,FI00336,2
OD000283,O00189,FI00119,1
OD000284,O00190,FI00068,1
OD000285,O00191,FI00392,2
OD000286,O00192,FI00249,2
OD000287,O00192,FI00089,1
OD000288,O00193,FI00379,2
OD000289,O00193,FI00474,2
OD000290,O00194,FI00205,1
OD000291,O00195,FI00198,1
OD000292,O00196,FI00086,2
OD000293,O00196,FI00116,1
OD000294,O00197,FI00379,1
OD000295,O00198,FI00171,1
OD000296,O00199,FI00316,2
OD000297,O00199,FI00419,1
OD000298,O00200,FI00264,1
OD000299,O00201,FI00500,2
OD000300,O00201,FI00062,2
OD000301,O00202,FI00318,1
OD000302,O00203,FI00467,2
OD000303,O00204,FI00037,1
OD000304,O00205,FI00170,1
OD000305,O00205,FI00237,2
OD000306,O00206,FI00057,1
OD000307,O00206,FI00321,1
OD000308,O00207,FI00417,2
OD000309,O00208,FI00078,1
OD000310,O00208,FI00045,1
OD000311,O00209,FI00109,2
OD000312,O00210,FI00356,1
OD000313,O00211,FI00437,1
OD000314,O00212,FI00294,2
OD000315,O00212,FI00052,1
OD000316,O00213,FI00165,2
OD000317,O00213,FI00089,2
OD000318,O00214,FI00284,2
OD000319,O00214,FI00417,1
OD000320,O00215,FI00166,1
OD000321,O00215,FI00014,1
OD000322,O00216,FI00019,2
OD000323,O00216,FI00099,2
OD000324,O00217,FI00281,1
OD000325,O00218,FI00270,2
OD000326,O00218,FI00245,2
OD000327,O00219,FI00206,1
OD000328,O00219,FI00425,1
OD000329,O00220,FI00462,2
OD000330,O00220,FI00258,2
OD000331,O00221,FI00108,1
OD000332,O00222,FI00139,1
OD000333,O00223,FI00079,1
OD000334,O00223,FI00493,2
OD000335,O00224,FI00474,2
OD000336,O00224,FI00478,1
OD000337,O00225,FI00241,1
OD000338,O00226,FI00489,2
OD000339,O00227,FI00475,2
OD000340,O00228,FI00472,1
OD000341,O00229,FI00123,1
OD000342,O00229,FI00435,1
OD000343,O00230,FI00457,2
OD000344,O00230,FI00144,2
OD000345,O00231,FI00007,1
OD000346,O00231,FI00466,2
OD000347,O00232,FI00027,2
OD000348,O00232,FI00417,1
OD000349,O00233,FI00208,2
OD000350,O00234,FI00124,1
OD000351,O00235,FI00350,1
OD000352,O00235,FI00261,2
OD000353,O00236,FI00348,2
OD000354,O00237,FI00112,1
OD000355,O00238,FI00052,1
OD000356,O00239,FI00236,1
OD000357,O00239,FI00274,2
OD000358,O00240,FI00156,2
OD000359,O00240,FI00095,2
OD000360,O00241,FI00405,2
OD000361,O00241,FI00222,1
OD000362,O00242,FI00433,2
OD000363,O00243,FI00388,1
OD000364,O00243,FI00448,1
OD000365,O00244,FI00154,1
OD000366,O00244,FI00150,1
OD000367,O00245,FI00083,2
OD000368,O00245,FI00300,2
OD000369,O00246,FI00352,1
OD000370,O00247,FI00013,2
OD000371,O00247,FI00488,1
OD000372,O00248,FI00058,2
OD000373,O00249,FI00285,2
OD000374,O00249,FI00102,2
OD000375,O00250,FI00149,2
OD000376,O00250,FI00409,1
OD000377,O00251,FI00165,1
OD000378,O00252,FI00331,2
OD000379,O00253,FI00103,2
OD000380,O00253,FI00337,2
OD000381,O00254,FI00277,2
OD000382,O00254,FI00220,1
OD000383,O00255,FI00055,1
OD000384,O00255,FI00302,2
OD000385,O00256,FI00121,2
OD000386,O00256,FI00004,2
OD000387,O00257,FI00461,1
OD000388,O00257,FI00343,2
OD000389,O00258,FI00313,1
OD000390,O00258,FI00004,2
OD000391,O00259,FI00354,1
OD000392,O00260,FI00125,2
OD000393,O00261,FI00096,1
OD000394,O00262,FI00074,2
OD000395,O00262,FI00379,2
OD000396,O00263,FI00413,1
OD000397,O00264,FI00286,1
OD000398,O00264,FI00491,1
OD000399,O00265,FI00427,2
OD000400,O00266,FI00061,2
OD000401,O00267,FI00027,2
OD000402,O00268,FI00284,2
OD000403,O00269,FI00264,2
OD000404,O00270,FI00476,2
OD000405,O00270,FI00161,2
OD000406,O00271,FI00375,1
OD000407,O00271,FI00389,2
OD000408,O00272,FI00067,2
OD000409,O00273,FI00175,1
OD000410,O00274,FI00165,1
OD000411,O00275,FI00008,1
OD000412,O00276,FI00192,2
OD000413,O00277,FI00146,1
OD000414,O00278,FI00382,2
OD000415,O00278,FI00134,1
OD000416,O00279,FI00118,2
OD000417,O00279,FI00199,2
OD000418,O00280,FI00359,2
OD000419,O00281,FI00294,2
OD000420,O00282,FI00473,1
OD000421,O00283,FI00191,1
OD000422,O00284,FI00018,2
OD000423,O00285,FI00359,1
OD000424,O00285,FI00427,1
OD000425,O00286,FI00014,1
OD000426,O00287,FI00130,2
OD000427,O00288,FI00445,2
OD000428,O00288,FI00411,2
OD000429,O00289,FI00287,2
OD000430,O00290,FI00090,2
OD000431,O00291,FI00294,1
OD000432,O00291,FI00449,2
OD000433,O00292,FI00147,2
OD000434,O00292,FI00294,1
OD000435,O00293,FI00429,1
OD000436,O00293,FI00201,1
OD000437,O00294,FI00492,1
OD000438,O00294,FI00493,2
OD000439,O00295,FI00449,1
OD000440,O00295,FI00168,2
OD000441,O00296,FI00281,2
OD000442,O00297,FI00376,2
OD000443,O00297,FI00283,1
OD000444,O00298,FI00368,1
OD000445,O00298,FI00051,2
OD000446,O00299,FI00299,2
OD000447,O00299,FI00393,2
OD000448,O00300,FI00391,1
OD000449,O00300,FI00158,2
OD000450,O00301,FI00057,2
OD000451,O00302,FI00461,2
OD000452,O00303,FI00052,2
OD000453,O00303,FI00318,2
OD000454,O00304,FI00468,2
OD000455,O00304,FI00498,1
OD000456,O00305,FI00228,1
OD000457,O00306,FI00267,2
OD000458,O00307,FI00356,1
OD000459,O00307,FI00434,1
OD000460,O00308,FI00241,1
OD000461,O00308,FI00309,2
OD000462,O00309,FI00221,2
OD000463,O00310,FI00311,2
OD000464,O00311,FI00062,2
OD000465,O00311,FI00036,1
OD000466,O00312,FI00487,1
OD000467,O00312,FI00163,1
OD000468,O00313,FI00323,2
OD000469,O00313,FI00397,1
OD000470,O00314,FI00026,2
OD000471,O00315,FI00222,1
OD000472,O00315,FI00340,1
OD000473,O00316,FI00399,2
OD000474,O00317,FI00359,2
OD000475,O00317,FI00272,1
OD000476,O00318,FI00374,2
OD000477,O00319,FI00337,1
OD000478,O00320,FI00241,2
OD000479,O00320,FI00477,1
OD000480,O00321,FI00384,1
OD000481,O00321,FI00270,2
OD000482,O00322,FI00315,1
OD000483,O00322,FI00214,2
OD000484,O00323,FI00449,1
OD000485,O00324,FI00493,1
OD000486,O00324,FI00076,1
OD000487,O00325,FI00477,1
OD000488,O00326,FI00231,1
OD000489,O00326,FI00099,1
OD000490,O00327,FI00168,1
OD000491,O00327,FI00249,1
OD000492,O00328,FI00106,2
OD000493,O00329,FI00143,1
OD000494,O00330,FI00230,2
OD000495,O00330,FI00146,2
OD000496,O00331,FI00046,1
OD000497,O00331,FI00489,2
OD000498,O00332,FI00363,1
OD000499,O00333,FI00218,2
OD000500,O00334,FI00350,1
OD000501,O00334,FI00354,2
OD000502,O00335,FI00201,1
OD000503,O00336,FI00347,2
OD000504,O00337,FI00081,2
OD000505,O00338,FI00075,2
OD000506,O00339,FI00090,1
OD000507,O00340,FI00129,2
OD000508,O00341,FI00280,1
OD000509,O00341,FI00082,2
OD000510,O00342,FI00254,2
OD000511,O00343,FI00100,1
OD000512,O00343,FI00276,2
OD000513,O00344,FI00346,1
OD000514,O00345,FI00079,1
OD000515,O00346,FI00458,2
OD000516,O00346,FI00258,2
OD000517,O00347,FI00306,2
OD000518,O00347,FI00312,2
OD000519,O00348,FI00065,1
OD000520,O00348,FI00411,2
OD000521,O00349,FI00476,1
OD000522,O00350,FI00363,1
OD000523,O00351,FI00314,1
OD000524,O00352,FI00459,1
OD000525,O00352,FI00113,1
OD000526,O00353,FI00301,2
OD000527,O00353,FI00039,2
OD000528,O00354,FI00493,1
OD000529,O00355,FI00280,2
OD000530,O00356,FI00425,1
OD000531,O00356,FI00415,1
OD000532,O00357,FI00068,1
OD000533,O00357,FI00244,2
OD000534,O00358,FI00024,2
OD000535,O00359,FI00344,1
OD000536,O00359,FI00350,2
OD000537,O00360,FI00261,2
OD000538,O00361,FI00354,2
OD000539,O00361,FI00297,2
OD000540,O00362,FI00459,1
OD000541,O00363,FI00273,1
OD000542,O00363,FI00417,1
OD000543,O00364,FI00355,1
OD000544,O00364,FI00004,2
OD000545,O00365,FI00308,1
OD000546,O00366,FI00409,2
OD000547,O00367,FI00152,2
OD000548,O00368,FI00249,2
OD000549,O00368,FI00330,1
OD000550,O00369,FI00494,2
OD000551,O00370,FI00093,1
OD000552,O00371,FI00188,2
OD000553,O00371,FI00032,1
OD000554,O00372,FI00357,2
OD000555,O00373,FI00380,1
OD000556,O00374,FI00226,1
OD000557,O00374,FI00485,1
OD000558,O00375,FI00074,2
OD000559,O00376,FI00441,1
OD000560,O00377,FI00104,2
OD000561,O00377,FI00013,2
OD000562,O00378,FI00013,1
OD000563,O00378,FI00045,2
OD000564,O00379,FI00343,2
OD000565,O00380,FI00157,1
OD000566,O00381,FI00280,1
OD000567,O00381,FI00315,2
OD000568,O00382,FI00232,2
OD000569,O00383,FI00155,2
OD000570,O00384,FI00267,1
OD000571,O00385,FI00338,1
OD000572,O00386,FI00054,1
OD000573,O00387,FI00256,1
OD000574,O00387,FI00243,1
OD000575,O00388,FI00475,2
OD000576,O00389,FI00358,2
OD000577,O00389,FI00253,1
OD000578,O00390,FI00053,2
OD000579,O00390,FI00245,1
OD000580,O00391,FI00171,2
OD000581,O00392,FI00257,2
OD000582,O00392,FI00325,2
OD000583,O00393,FI00242,2
OD000584,O00394,FI00051,2
OD000585,O00394,FI00306,2
OD000586,O00395,FI00477,2
OD000587,O00396,FI00265,2
OD000588,O00397,FI00478,2
OD000589,O00397,FI00268,1
OD000590,O00398,FI00257,2
OD000591,O00398,FI00029,1
OD000592,O00399,FI00012,1
OD000593,O00399,FI00304,2
OD000594,O00400,FI00121,2
OD000595,O00400,FI00402,1
OD000596,O00401,FI00468,2
OD000597,O00401,FI00494,1
OD000598,O00402,FI00142,1
OD000599,O00402,FI00107,1
OD000600,O00403,FI00251,1
OD000601,O00404,FI00038,1
OD000602,O00405,FI00340,1
OD000603,O00406,FI00464,1
OD000604,O00406,FI00036,1
OD000605,O00407,FI00169,2
OD000606,O00408,FI00439,2
OD000607,O00409,FI00120,2
OD000608,O00409,FI00001,2
OD000609,O00410,FI00243,2
OD000610,O00410,FI00188,1
OD000611,O00411,FI00454,1
OD000612,O00411,FI00221,1
OD000613,O00412,FI00378,2
OD000614,O00412,FI00499,2
OD000615,O00413,FI00455,1
OD000616,O00413,FI00245,2
OD000617,O00414,FI00339,2
OD000618,O00414,FI00173,2
OD000619,O00415,FI00245,1
OD000620,O00415,FI00168,1
OD000621,O00416,FI00112,1
OD000622,O00417,FI00106,1
OD000623,O00417,FI00252,2
OD000624,O00418,FI00321,2
OD000625,O00419,FI00320,2
OD000626,O00419,FI00283,1
OD000627,O00420,FI00365,1
OD000628,O00420,FI00400,1
OD000629,O00421,FI00295,1
OD000630,O00421,FI00217,1
OD000631,O00422,FI00163,1
OD000632,O00423,FI00208,2
OD000633,O00423,FI00445,2
OD000634,O00424,FI00493,2
OD000635,O00425,FI00187,1
OD000636,O00425,FI00042,1
OD000637,O00426,FI00009,2
OD000638,O00426,FI00364,1
OD000639,O00427,FI00372,1
OD000640,O00427,FI00048,1
OD000641,O00428,FI00010,2
OD000642,O00429,FI00205,1
OD000643,O00429,FI00255,1
OD000644,O00430,FI00257,1
OD000645,O00431,FI00113,1
OD000646,O00431,FI00378,2
OD000647,O00432,FI00273,2
OD000648,O00433,FI00125,1
OD000649,O00433,FI00277,2
OD000650,O00434,FI00377,1
OD000651,O00434,FI00059,1
OD000652,O00435,FI00333,1
OD000653,O00435,FI00032,2
OD000654,O00436,FI00274,2
OD000655,O00436,FI00331,1
OD000656,O00437,FI00241,2
OD000657,O00437,FI00456,1
OD000658,O00438,FI00105,2
OD000659,O00438,FI00120,1
OD000660,O00439,FI00101,2
OD000661,O00440,FI00295,1
OD000662,O00441,FI00371,2
OD000663,O00442,FI00353,2
OD000664,O00443,FI00072,1
OD000665,O00444,FI00347,1
OD000666,O00445,FI00071,2
OD000667,O00445,FI00086,1
OD000668,O00446,FI00423,2
OD000669,O00447,FI00013,1
OD000670,O00447,FI00432,1
OD000671,O00448,FI00094,2
OD000672,O00448,FI00242,2
OD000673,O00449,FI00317,1
OD000674,O00450,FI00189,2
OD000675,O00450,FI00153,1
OD000676,O00451,FI00345,2
OD000677,O00451,FI00285,2
OD000678,O00452,FI00331,2
OD000679,O00453,FI00126,1
OD000680,O00454,FI00391,1
OD000681,O00454,FI00351,2
OD000682,O00455,FI00009,1
OD000683,O00455,FI00417,1
OD000684,O00456,FI00247,1
OD000685,O00457,FI00362,1
OD000686,O00457,FI00156,1
OD000687,O00458,FI00208,1
OD000688,O00459,FI00312,2
OD000689,O00460,FI00259,2
OD000690,O00461,FI00017,1
OD000691,O00461,FI00158,2
OD000692,O00462,FI00409,2
OD000693,O00463,FI00035,1
OD000694,O00464,FI00292,2
OD000695,O00465,FI00484,1
OD000696,O00466,FI00282,1
OD000697,O00467,FI00351,2
OD000698,O00468,FI00328,2
OD000699,O00468,FI00379,1
OD000700,O00469,FI00226,1
OD000701,O00469,FI00498,1
OD000702,O00470,FI00004,1
OD000703,O00471,FI00031,2
OD000704,O00472,FI00280,1
OD000705,O00472,FI00111,1
OD000706,O00473,FI00090,2
OD000707,O00474,FI00439,2
OD000708,O00474,FI00439,2
OD000709,O00475,FI00064,1
OD000710,O00476,FI00455,1
OD000711,O00477,FI00337,1
OD000712,O00478,FI00216,1
OD000713,O00478,FI00333,1
OD000714,O00479,FI00322,2
OD000715,O00479,FI00200,2
OD000716,O00480,FI00235,2
OD000717,O00480,FI00303,1
OD000718,O00481,FI00392,2
OD000719,O00481,FI00278,2
OD000720,O00482,FI00246,1
OD000721,O00483,FI00108,2
OD000722,O00483,FI00018,1
OD000723,O00484,FI00396,2
OD000724,O00484,FI00493,1
OD000725,O00485,FI00412,2
OD000726,O00485,FI00461,1
OD000727,O00486,FI00380,2
OD000728,O00487,FI00354,2
OD000729,O00487,FI00282,1
OD000730,O00488,FI00035,1
OD000731,O00489,FI00047,2
OD000732,O00489,FI00278,2
OD000733,O00490,FI00086,2
OD000734,O00491,FI00428,1
OD000735,O00492,FI00281,1
OD000736,O00492,FI00003,2
OD000737,O00493,FI00085,1
OD000738,O00493,FI00483,2
OD000739,O00494,FI00144,2
OD000740,O00494,FI00449,1
OD000741,O00495,FI00096,2
OD000742,O00495,FI00385,1
OD000743,O00496,FI00109,1
OD000744,O00497,FI00376,2
OD000745,O00497,FI00144,1
OD000746,O00498,FI00472,2
OD000747,O00498,FI00114,1
OD000748,O00499,FI00069,1
OD000749,O00499,FI00096,1
OD000750,O00500,FI00338,2
OD000751,O00501,FI00247,2
OD000752,O00501,FI00100,2
OD000753,O00502,FI00453,1
OD000754,O00502,FI00393,1
OD000755,O00503,FI00046,2
OD000756,O00504,FI00040,2
OD000757,O00505,FI00202,1
OD000758,O00506,FI00325,2
OD000759,O00506,FI00321,2
OD000760,O00507,FI00469,1
OD000761,O00508,FI00143,2
OD000762,O00508,FI00377,2
OD000763,O00509,FI00369,1
OD000764,O00510,FI00402,2
OD000765,O00510,FI00206,2
OD000766,O00511,FI00350,2
OD000767,O00511,FI00269,1
OD000768,O00512,FI00309,2
OD000769,O00512,FI00045,1
OD000770,O00513,FI00047,1
OD000771,O00513,FI00434,1
OD000772,O00514,FI00278,2
OD000773,O00514,FI00492,2
OD000774,O00515,FI00406,1
OD000775,O00516,FI00358,1
OD000776,O00516,FI00100,1
OD000777,O00517,FI00442,1
OD000778,O00517,FI00476,1
OD000779,O00518,FI00357,1
OD000780,O00518,FI00210,2
OD000781,O00519,FI00425,2
OD000782,O00520,FI00177,2
OD000783,O00520,FI00175,2
OD000784,O00521,FI00120,2
OD000785,O00522,FI00112,1
OD000786,O00523,FI00447,2
OD000787,O00524,FI00362,2
OD000788,O00525,FI00105,2
OD000789,O00526,FI00318,2
OD000790,O00526,FI00389,1
OD000791,O00527,FI00452,1
OD000792,O00527,FI00459,2
OD000793,O00528,FI00111,2
OD000794,O00529,FI00100,1
OD000795,O00529,FI00069,2
OD000796,O00530,FI00401,1
OD000797,O00531,FI00208,1
OD000798,O00532,FI00043,1
OD000799,O00532,FI00154,2
OD000800,O00533,FI00419,1
OD000801,O00534,FI00386,1
OD000802,O00535,FI00235,1
OD000803,O00535,FI00086,2
OD000804,O00536,FI00307,1
OD000805,O00537,FI00371,1
OD000806,O00538,FI00117,1
OD000807,O00538,FI00143,1
OD000808,O00539,FI00079,1
OD000809,O00540,FI00060,2
OD000810,O00540,FI00481,2
OD000811,O00541,FI00157,1
OD000812,O00542,FI00152,2
OD000813,O00543,FI00072,1
OD000814,O00543,FI00226,1
OD000815,O00544,FI00466,1
OD000816,O00545,FI00201,2
OD000817,O00545,FI00446,1
OD000818,O00546,FI00309,1
OD000819,O00547,FI00149,2
OD000820,O00548,FI00246,2
OD000821,O00549,FI00404,2
OD000822,O00549,FI00101,2
OD000823,O00550,FI00339,1
OD000824,O00550,FI00487,1
OD000825,O00551,FI00253,2
OD000826,O00551,FI00215,1
OD000827,O00552,FI00008,2
OD000828,O00553,FI00296,2
OD000829,O00553,FI00190,2
OD000830,O00554,FI00141,2
OD000831,O00555,FI00416,2
OD000832,O00556,FI00105,1
OD000833,O00556,FI00003,2
OD000834,O00557,FI00277,2
OD000835,O00558,FI00062,1
OD000836,O00559,FI00356,1
OD000837,O00560,FI00097,1
OD000838,O00561,FI00087,1
OD000839,O00561,FI00454,1
OD000840,O00562,FI00266,1
OD000841,O00562,FI00007,1
OD000842,O00563,FI00456,1
OD000843,O00564,FI00457,1
OD000844,O00564,FI00129,1
OD000845,O00565,FI00380,1
OD000846,O00566,FI00036,2
OD000847,O00567,FI00454,2
OD000848,O00567,FI00017,1
OD000849,O00568,FI00351,1
OD000850,O00569,FI00497,2
OD000851,O00569,FI00401,1
OD000852,O00570,FI00134,2
OD000853,O00571,FI00076,2
OD000854,O00571,FI00285,1
OD000855,O00572,FI00443,2
OD000856,O00572,FI00120,1
OD000857,O00573,FI00246,1
OD000858,O00574,FI00249,1
OD000859,O00574,FI00224,2
OD000860,O00575,FI00298,1
OD000861,O00576,FI00370,2
OD000862,O00577,FI00300,2
OD000863,O00577,FI00416,1
OD000864,O00578,FI00231,2
OD000865,O00578,FI00147,1
OD000866,O00579,FI00245,1
OD000867,O00579,FI00085,2
OD000868,O00580,FI00286,2
OD000869,O00580,FI00388,2
OD000870,O00581,FI00472,2
OD000871,O00581,FI00002,2
OD000872,O00582,FI00253,2
OD000873,O00582,FI00012,2
OD000874,O00583,FI00198,1
OD000875,O00584,FI00200,2
OD000876,O00584,FI00031,1
OD000877,O00585,FI00375,1
OD000878,O00585,FI00124,1
OD000879,O00586,FI00369,1
OD000880,O00587,FI00131,2
OD000881,O00588,FI00350,1
OD000882,O00589,FI00220,1
OD000883,O00590,FI00091,2
OD000884,O00591,FI00245,2
OD000885,O00592,FI00416,1
OD000886,O00592,FI00381,1
OD000887,O00593,FI00024,1
OD000888,O00593,FI00348,1
OD000889,O00594,FI00245,2
OD000890,O00595,FI00484,2
OD000891,O00595,FI00118,1
OD000892,O00596,FI00420,2
OD000893,O00596,FI00301,1
OD000894,O00597,FI00397,2
OD000895,O00597,FI00468,2
OD000896,O00598,FI00295,2
OD000897,O00599,FI00235,2
OD000898,O00599,FI00493,1
OD000899,O00600,FI00219,2
OD000900,O00601,FI00137,2
OD000901,O00601,FI00375,1
OD000902,O00602,FI00324,2
OD000903,O00603,FI00100,2
OD000904,O00604,FI00195,2
OD000905,O00605,FI00053,2
OD000906,O00606,FI00432,1
OD000907,O00607,FI00399,1
OD000908,O00608,FI00061,2
OD000909,O00608,FI00039,1
OD000910,O00609,FI00148,1
OD000911,O00610,FI00394,1
OD000912,O00610,FI00499,1
OD000913,O00611,FI00198,1
OD000914,O00611,FI00029,1
OD000915,O00612,FI00345,1
OD000916,O00612,FI00466,1
OD000917,O00613,FI00195,1
OD000918,O00613,FI00379,2
OD000919,O00614,FI00070,1
OD000920,O00615,FI00120,2
OD000921,O00615,FI00178,2
OD000922,O00616,FI00125,2
OD000923,O00617,FI00053,2
OD000924,O00618,FI00371,1
OD000925,O00619,FI00214,2
OD000926,O00619,FI00369,2
OD000927,O00620,FI00369,1
OD000928,O00621,FI00197,1
OD000929,O00621,FI00415,1
OD000930,O00622,FI00328,1
OD000931,O00622,FI00127,2
OD000932,O00623,FI00201,2
OD000933,O00623,FI00138,2
OD000934,O00624,FI00142,1
OD000935,O00624,FI00232,2
OD000936,O00625,FI00220,1
OD000937,O00625,FI00060,1
OD000938,O00626,FI00060,2
OD000939,O00627,FI00394,2
OD000940,O00628,FI00458,1
OD000941,O00628,FI00418,2
OD000942,O00629,FI00162,2
OD000943,O00630,FI00055,2
OD000944,O00630,FI00125,1
OD000945,O00631,FI00195,1
OD000946,O00631,FI00335,1
OD000947,O00632,FI00087,1
OD000948,O00632,FI00333,1
OD000949,O00633,FI00123,2
OD000950,O00633,FI00061,1
OD000951,O00634,FI00115,1
OD000952,O00634,FI00371,2
OD000953,O00635,FI00166,2
OD000954,O00636,FI00277,2
OD000955,O00637,FI00032,1
OD000956,O00638,FI00324,2
OD000957,O00639,FI00400,2
OD000958,O00639,FI00255,2
OD000959,O00640,FI00076,1
OD000960,O00640,FI00459,1
OD000961,O00641,FI00334,2
OD000962,O00642,FI00118,1
OD000963,O00642,FI00467,2
OD000964,O00643,FI00107,2
OD000965,O00644,FI00307,2
OD000966,O00644,FI00179,2
OD000967,O00645,FI00493,2
OD000968,O00645,FI00304,2
OD000969,O00646,FI00424,1
OD000970,O00647,FI00231,1
OD000971,O00647,FI00476,1
OD000972,O00648,FI00463,2
OD000973,O00648,FI00449,2
OD000974,O00649,FI00293,1
OD000975,O00649,FI00158,1
OD000976,O00650,FI00146,2
OD000977,O00651,FI00105,2
OD000978,O00651,FI00204,2
OD000979,O00652,FI00017,2
OD000980,O00653,FI00059,2
OD000981,O00653,FI00028,1
OD000982,O00654,FI00112,2
OD000983,O00654,FI00147,1
OD000984,O00655,FI00063,2
OD000985,O00655,FI00131,1
OD000986,O00656,FI00495,1
OD000987,O00657,FI00183,2
OD000988,O00657,FI00120,1
OD000989,O00658,FI00147,1
OD000990,O00658,FI00355,1
OD000991,O00659,FI00235,2
OD000992,O00660,FI00184,2
OD000993,O00660,FI00217,2
OD000994,O00661,FI00176,2
OD000995,O00662,FI00294,1
OD000996,O00662,FI00376,1
OD000997,O00663,FI00268,2
OD000998,O00664,FI00416,1
OD000999,O00665,FI00334,2
OD001000,O00666,FI00190,2
OD001001,O00666,FI00275,1
OD001002,O00667,FI00163,1
OD001003,O00667,FI00299,1
OD001004,O00668,FI00128,1
OD001005,O00669,FI00297,2
OD001006,O00669,FI00327,1
OD001007,O00670,FI00473,1
OD001008,O00670,FI00445,1
OD001009,O00671,FI00041,1
OD001010,O00672,FI00315,1
OD001011,O00672,FI00367,2
OD001012,O00673,FI00249,1
OD001013,O00674,FI00271,2
OD001014,O00674,FI00025,2
OD001015,O00675,FI00094,1
OD001016,O00676,FI00479,2
OD001017,O00676,FI00489,2
OD001018,O00677,FI00171,2
OD001019,O00678,FI00493,2
OD001020,O00679,FI00025,2
OD001021,O00680,FI00177,1
OD001022,O00680,FI00127,1
OD001023,O00681,FI00021,2
OD001024,O00682,FI00065,2
OD001025,O00682,FI00478,1
OD001026,O00683,FI00214,2
OD001027,O00684,FI00098,2
OD001028,O00685,FI00483,2
OD001029,O00685,FI00270,2
OD001030,O00686,FI00118,1
OD001031,O00686,FI00176,2
OD001032,O00687,FI00211,2
OD001033,O00688,FI00082,1
OD001034,O00688,FI00482,2
OD001035,O00689,FI00086,2
OD001036,O00690,FI00356,2
OD001037,O00690,FI00370,2
OD001038,O00691,FI00298,2
OD001039,O00691,FI00158,2
OD001040,O00692,FI00207,1
OD001041,O00693,FI00299,1
OD001042,O00693,FI00111,2
OD001043,O00694,FI00402,1
OD001044,O00695,FI00070,1
OD001045,O00695,FI00234,2
OD001046,O00696,FI00206,2
OD001047,O00696,FI00386,2
OD001048,O00697,FI00302,1
OD001049,O00697,FI00157,1
OD001050,O00698,FI00062,1
OD001051,O00698,FI00325,1
OD001052,O00699,FI00448,2
OD001053,O00699,FI00063,2
OD001054,O00700,FI00431,1
OD001055,O00701,FI00031,1
OD001056,O00702,FI00282,2
OD001057,O00702,FI00060,1
OD001058,O00703,FI00175,1
OD001059,O00703,FI00078,2
OD001060,O00704,FI00374,2
OD001061,O00704,FI00442,2
OD001062,O00705,FI00242,1
OD001063,O00705,FI00231,2
OD001064,O00706,FI00257,1
OD001065,O00706,FI00416,2
OD001066,O00707,FI00143,2
OD001067,O00707,FI00092,2
OD001068,O00708,FI00136,1
OD001069,O00708,FI00500,1
OD001070,O00709,FI00387,1
OD001071,O00710,FI00466,2
OD001072,O00711,FI00025,2
OD001073,O00712,FI00161,1
OD001074,O00712,FI00252,1
OD001075,O00713,FI00129,1
OD001076,O00714,FI00144,2
OD001077,O00714,FI00367,2
OD001078,O00715,FI00173,1
OD001079,O00715,FI00332,1
OD001080,O00716,FI00394,2
OD001081,O00716,FI00466,2
OD001082,O00717,FI00428,1
OD001083,O00717,FI00340,1
OD001084,O00718,FI00192,2
OD001085,O00719,FI00282,2
OD001086,O00719,FI00261,1
OD001087,O00720,FI00357,2
OD001088,O00721,FI00386,2
OD001089,O00721,FI00238,1
OD001090,O00722,FI00342,2
OD001091,O00722,FI00211,1
OD001092,O00723,FI00141,1
OD001093,O00723,FI00264,2
OD001094,O00724,FI00375,2
OD001095,O00725,FI00102,1
OD001096,O00726,FI00284,2
OD001097,O00726,FI00437,2
OD001098,O00727,FI00181,2
OD001099,O00728,FI00161,1
OD001100,O00728,FI00240,2
OD001101,O00729,FI00348,1
OD001102,O00730,FI00368,2
OD001103,O00730,FI00190,2
OD001104,O00731,FI00491,1
OD001105,O00732,FI00029,2
OD001106,O00733,FI00481,1
OD001107,O00734,FI00319,1
OD001108,O00734,FI00294,2
OD001109,O00735,FI00437,1
OD001110,O00735,FI00152,1
OD001111,O00736,FI00082,1
OD001112,O00737,FI00392,2
OD001113,O00737,FI00222,1
OD001114,O00738,FI00461,1
OD001115,O00738,FI00447,1
OD001116,O00739,FI00324,2
OD001117,O00739,FI00080,1
OD001118,O00740,FI00106,1
OD001119,O00741,FI00492,1
OD001120,O00742,FI00193,2
OD001121,O00743,FI00096,2
OD001122,O00743,FI00096,2
OD001123,O00744,FI00024,2
OD001124,O00744,FI00228,1
OD001125,O00745,FI00308,2
OD001126,O00745,FI00080,1
OD001127,O00746,FI00242,1
OD001128,O00746,FI00089,1
OD001129,O00747,FI00096,2
OD001130,O00748,FI00086,1
OD001131,O00749,FI00244,1
OD001132,O00750,FI00143,1
OD001133,O00750,FI00325,2
OD001134,O00751,FI00184,1
OD001135,O00752,FI00372,2
OD001136,O00753,FI00220,1
OD001137,O00754,FI00360,1
OD001138,O00754,FI00141,1
OD001139,O00755,FI00098,1
OD001140,O00756,FI00361,1
OD001141,O00756,FI00163,2
OD001142,O00757,FI00014,2
OD001143,O00757,FI00375,2
OD001144,O00758,FI00180,1
OD001145,O00758,FI00089,2
OD001146,O00759,FI00327,2
OD001147,O00759,FI00431,1
OD001148,O00760,FI00041,1
OD001149,O00760,FI00161,1
OD001150,O00761,FI00158,1
OD001151,O00761,FI00172,1
OD001152,O00762,FI00356,1
OD001153,O00763,FI00357,1
OD001154,O00764,FI00062,2
OD001155,O00764,FI00328,2
OD001156,O00765,FI00305,2
OD001157,O00766,FI00158,2
OD001158,O00767,FI00457,1
OD001159,O00768,FI00447,1
OD001160,O00768,FI00101,1
OD001161,O00769,FI00141,1
OD001162,O00769,FI00462,1
OD001163,O00770,FI00359,1
OD001164,O00771,FI00374,2
OD001165,O00772,FI00032,1
OD001166,O00773,FI00178,2
OD001167,O00774,FI00088,2
OD001168,O00775,FI00289,2
OD001169,O00775,FI00419,2
OD001170,O00776,FI00067,2
OD001171,O00777,FI00265,2
OD001172,O00777,FI00473,1
OD001173,O00778,FI00251,1
OD001174,O00779,FI00355,1
OD001175,O00780,FI00077,2
OD001176,O00781,FI00455,1
OD001177,O00781,FI00440,1
OD001178,O00782,FI00151,1
OD001179,O00783,FI00223,1
OD001180,O00783,FI00273,1
OD001181,O00784,FI00050,2
OD001182,O00785,FI00243,1
OD001183,O00785,FI00265,2
OD001184,O00786,FI00088,2
OD001185,O00786,FI00049,1
OD001186,O00787,FI00187,1
OD001187,O00788,FI00277,2
OD001188,O00788,FI00371,1
OD001189,O00789,FI00397,1
OD001190,O00789,FI00398,2
OD001191,O00790,FI00066,2
OD001192,O00791,FI00118,1
OD001193,O00791,FI00347,2
OD001194,O00792,FI00178,1
OD001195,O00792,FI00422,1
OD001196,O00793,FI00060,2
OD001197,O00793,FI00350,1
OD001198,O00794,FI00087,1
OD001199,O00795,FI00063,1
OD001200,O00795,FI00473,1
OD001201,O00796,FI00062,2
OD001202,O00797,FI00189,2
OD001203,O00797,FI00101,1
OD001204,O00798,FI00315,2
OD001205,O00798,FI00035,1
OD001206,O00799,FI00449,1
OD001207,O00799,FI00306,2
OD001208,O00800,FI00047,1
OD001209,O00800,FI00475,2
OD001210,O00801,FI00006,2
OD001211,O00801,FI00321,2
OD001212,O00802,FI00225,1
OD001213,O00803,FI00351,1
OD001214,O00803,FI00171,1
OD001215,O00804,FI00195,1
OD001216,O00804,FI00432,1
OD001217,O00805,FI00247,2
OD001218,O00806,FI00444,1
OD001219,O00806,FI00053,2
OD001220,O00807,FI00086,2
OD001221,O00807,FI00306,2
OD001222,O00808,FI00129,1
OD001223,O00809,FI00243,1
OD001224,O00809,FI00346,2
OD001225,O00810,FI00409,1
OD001226,O00810,FI00333,1
OD001227,O00811,FI00373,2
OD001228,O00812,FI00455,1
OD001229,O00813,FI00157,1
OD001230,O00813,FI00243,1
OD001231,O00814,FI00275,2
OD001232,O00814,FI00330,1
OD001233,O00815,FI00439,1
OD001234,O00815,FI00329,2
OD001235,O00816,FI00301,1
OD001236,O00816,FI00127,2
OD001237,O00817,FI00410,1
OD001238,O00818,FI00075,1
OD001239,O00819,FI00228,2
OD001240,O00819,FI00490,1
OD001241,O00820,FI00414,1
OD001242,O00821,FI00360,1
OD001243,O00822,FI00030,2
OD001244,O00822,FI00169,2
OD001245,O00823,FI00431,2
OD001246,O00824,FI00366,1
OD001247,O00825,FI00236,1
OD001248,O00826,FI00037,1
OD001249,O00826,FI00329,2
OD001250,O00827,FI00168,1
OD001251,O00828,FI00043,1
OD001252,O00829,FI00248,2
OD001253,O00829,FI00251,2
OD001254,O00830,FI00384,1
OD001255,O00831,FI00474,1
OD001256,O00832,FI00446,2
OD001257,O00832,FI00134,1
OD001258,O00833,FI00257,1
OD001259,O00834,FI00209,1
OD001260,O00835,FI00226,2
OD001261,O00835,FI00352,2
OD001262,O00836,FI00231,1
OD001263,O00836,FI00011,1
OD001264,O00837,FI00499,2
OD001265,O00837,FI00051,1
OD001266,O00838,FI00410,1
OD001267,O00838,FI00498,1
OD001268,O00839,FI00252,2
OD001269,O00839,FI00174,1
OD001270,O00840,FI00384,1
OD001271,O00840,FI00276,1
OD001272,O00841,FI00261,1
OD001273,O00841,FI00431,2
OD001274,O00842,FI00148,1
OD001275,O00843,FI00076,1
OD001276,O00843,FI00133,2
OD001277,O00844,FI00025,2
OD001278,O00844,FI00458,2
OD001279,O00845,FI00461,1
OD001280,O00846,FI00253,1
OD001281,O00847,FI00464,2
OD001282,O00847,FI00432,2
OD001283,O00848,FI00359,1
OD001284,O00849,FI00423,1
OD001285,O00850,FI00438,1
OD001286,O00851,FI00474,1
OD001287,O00851,FI00486,1
OD001288,O00852,FI00014,1
OD001289,O00852,FI00358,2
OD001290,O00853,FI00090,1
OD001291,O00854,FI00060,1
OD001292,O00854,FI00027,1
OD001293,O00855,FI00126,2
OD001294,O00856,FI00109,2
OD001295,O00857,FI00115,2
OD001296,O00857,FI00241,1
OD001297,O00858,FI00290,2
OD001298,O00859,FI00075,1
OD001299,O00860,FI00422,1
OD001300,O00860,FI00489,1
OD001301,O00861,FI00368,2
OD001302,O00862,FI00267,1
OD001303,O00862,FI00160,2
OD001304,O00863,FI00225,2
OD001305,O00863,FI00253,2
OD001306,O00864,FI00028,2
OD001307,O00864,FI00016,1
OD001308,O00865,FI00181,1
OD001309,O00866,FI00211,1
OD001310,O00866,FI00410,2
OD001311,O00867,FI00320,2
OD001312,O00868,FI00240,1
OD001313,O00869,FI00147,2
OD001314,O00869,FI00440,1
OD001315,O00870,FI00196,1
OD001316,O00870,FI00094,1
OD001317,O00871,FI00367,2
OD001318,O00872,FI00214,2
OD001319,O00873,FI00224,2
OD001320,O00873,FI00213,1
OD001321,O00874,FI00297,1
OD001322,O00874,FI00005,1
OD001323,O00875,FI00278,2
OD001324,O00875,FI00279,2
OD001325,O00876,FI00296,1
OD001326,O00876,FI00410,2
OD001327,O00877,FI00283,2
OD001328,O00878,FI00192,2
OD001329,O00879,FI00292,2
OD001330,O00879,FI00187,2
OD001331,O00880,FI00064,1
OD001332,O00880,FI00320,1
OD001333,O00881,FI00140,2
OD001334,O00881,FI00190,1
OD001335,O00882,FI00213,2
OD001336,O00883,FI00137,2
OD001337,O00884,FI00389,1
OD001338,O00884,FI00167,1
OD001339,O00885,FI00441,2
OD001340,O00886,FI00077,2
OD001341,O00887,FI00278,2
OD001342,O00887,FI00385,2
OD001343,O00888,FI00028,1
OD001344,O00888,FI00309,1
OD001345,O00889,FI00377,1
OD001346,O00889,FI00236,1
OD001347,O00890,FI00330,2
OD001348,O00890,FI00296,1
OD001349,O00891,FI00495,2
OD001350,O00892,FI00442,1
OD001351,O00893,FI00490,1
OD001352,O00893,FI00293,1
OD001353,O00894,FI00275,1
OD001354,O00894,FI00053,1
OD001355,O00895,FI00489,1
OD001356,O00895,FI00354,2
OD001357,O00896,FI00288,2
OD001358,O00897,FI00263,1
OD001359,O00898,FI00094,2
OD001360,O00898,FI00294,1
OD001361,O00899,FI00374,1
OD001362,O00899,FI00340,1
OD001363,O00900,FI00459,1
OD001364,O00900,FI00002,2
OD001365,O00901,FI00203,2
OD001366,O00901,FI00201,2
OD001367,O00902,FI00184,2
OD001368,O00903,FI00192,1
OD001369,O00904,FI00353,2
OD001370,O00904,FI00148,2
OD001371,O00905,FI00403,1
OD001372,O00905,FI00281,2
OD001373,O00906,FI00400,2
OD001374,O00906,FI00001,2
OD001375,O00907,FI00443,2
OD001376,O00908,FI00394,2
OD001377,O00909,FI00371,2
OD001378,O00909,FI00273,1
OD001379,O00910,FI00250,1
OD001380,O00911,FI00150,2
OD001381,O00911,FI00337,2
OD001382,O00912,FI00450,2
OD001383,O00912,FI00293,2
OD001384,O00913,FI00237,2
OD001385,O00913,FI00289,2
OD001386,O00914,FI00477,1
OD001387,O00914,FI00381,2
OD001388,O00915,FI00047,2
OD001389,O00915,FI00238,1
OD001390,O00916,FI00285,1
OD001391,O00917,FI00106,2
OD001392,O00918,FI00418,2
OD001393,O00919,FI00417,1
OD001394,O00919,FI00325,1
OD001395,O00920,FI00039,2
OD001396,O00921,FI00417,2
OD001397,O00922,FI00005,1
OD001398,O00923,FI00242,2
OD001399,O00923,FI00110,2
OD001400,O00924,FI00431,2
OD001401,O00924,FI00027,2
OD001402,O00925,FI00093,1
OD001403,O00926,FI00237,1
OD001404,O00926,FI00422,2
OD001405,O00927,FI00127,2
OD001406,O00927,FI00302,1
OD001407,O00928,FI00321,2
OD001408,O00929,FI00130,1
OD001409,O00929,FI00092,2
OD001410,O00930,FI00058,1
OD001411,O00930,FI00055,2
OD001412,O00931,FI00003,1
OD001413,O00932,FI00406,1
OD001414,O00932,FI00432,1
OD001415,O00933,FI00128,2
OD001416,O00933,FI00406,2
OD001417,O00934,FI00066,2
OD001418,O00935,FI00270,1
OD001419,O00936,FI00185,2
OD001420,O00936,FI00457,2
OD001421,O00937,FI00200,2
OD001422,O00937,FI00280,2
OD001423,O00938,FI00265,1
OD001424,O00938,FI00136,1
OD001425,O00939,FI00040,2
OD001426,O00939,FI00194,1
OD001427,O00940,FI00134,2
OD001428,O00940,FI00452,2
OD001429,O00941,FI00074,1
OD001430,O00942,FI00454,2
OD001431,O00943,FI00369,2
OD001432,O00943,FI00402,2
OD001433,O00944,FI00330,2
OD001434,O00944,FI00238,1
OD001435,O00945,FI00345,2
OD001436,O00946,FI00222,2
OD001437,O00947,FI00192,1
OD001438,O00947,FI00068,1
OD001439,O00948,FI00392,1
OD001440,O00949,FI00473,1
OD001441,O00950,FI00318,1
OD001442,O00951,FI00391,1
OD001443,O00951,FI00171,2
OD001444,O00952,FI00163,2
OD001445,O00953,FI00080,1
OD001446,O00954,FI00424,2
OD001447,O00955,FI00164,1
OD001448,O00955,FI00382,1
OD001449,O00956,FI00302,2
OD001450,O00957,FI00078,1
OD001451,O00957,FI00454,1
OD001452,O00958,FI00457,1
OD001453,O00958,FI00458,1
OD001454,O00959,FI00292,1
OD001455,O00960,FI00002,1
OD001456,O00960,FI00173,1
OD001457,O00961,FI00170,2
OD001458,O00961,FI00065,2
OD001459,O00962,FI00371,2
OD001460,O00963,FI00307,2
OD001461,O00964,FI00202,1
OD001462,O00965,FI00393,2
OD001463,O00966,FI00324,1
OD001464,O00967,FI00455,1
OD001465,O00968,FI00184,1
OD001466,O00969,FI00276,2
OD001467,O00969,FI00337,1
OD001468,O00970,FI00349,2
OD001469,O00971,FI00177,1
OD001470,O00971,FI00054,1
OD001471,O00972,FI00399,1
OD001472,O00973,FI00233,1
OD001473,O00974,FI00469,1
OD001474,O00975,FI00149,1
OD001475,O00976,FI00407,2
OD001476,O00976,FI00279,1
OD001477,O00977,FI00261,1
OD001478,O00977,FI00317,2
OD001479,O00978,FI00100,2
OD001480,O00979,FI00454,1
OD001481,O00979,FI00265,1
OD001482,O00980,FI00203,2
OD001483,O00981,FI00059,2
OD001484,O00982,FI00057,2
OD001485,O00983,FI00211,1
OD001486,O00984,FI00337,1
OD001487,O00984,FI00025,1
OD001488,O00985,FI00063,2
OD001489,O00986,FI00361,2
OD001490,O00986,FI00011,2
OD001491,O00987,FI00351,1
OD001492,O00987,FI00439,1
OD001493,O00988,FI00472,1
OD001494,O00988,FI00337,2
OD001495,O00989,FI00199,2
OD001496,O00990,FI00379,1
OD001497,O00991,FI00241,1
OD001498,O00992,FI00295,1
OD001499,O00992,FI00403,1
OD001500,O00993,FI00378,2
OD001501,O00994,FI00353,2
OD001502,O00994,FI00135,2
OD001503,O00995,FI00206,1
OD001504,O00996,FI00387,2
OD001505,O00996,FI00257,2
OD001506,O00997,FI00402,1
OD001507,O00997,FI00153,1
OD001508,O00998,FI00031,2
OD001509,O00998,FI00234,1
OD001510,O00999,FI00149,1
OD001511,O00999,FI00074,2
OD001512,O01000,FI00338,1
OD001513,O01000,FI00455,1
OD001514,O01001,FI00245,1
OD001515,O01002,FI00381,2
OD001516,O01003,FI00004,1
OD001517,O01003,FI00356,1
OD001518,O01004,FI00394,1
OD001519,O01005,FI00085,2
OD001520,O01005,FI00497,2
OD001521,O01006,FI00190,2
OD001522,O01006,FI00375,2
OD001523,O01007,FI00471,2
OD001524,O01008,FI00181,2
OD001525,O01008,FI00237,2
OD001526,O01009,FI00113,1
OD001527,O01009,FI00405,2
OD001528,O01010,FI00179,2
OD001529,O01011,FI00316,2
OD001530,O01011,FI00107,1
OD001531,O01012,FI00068,1
OD001532,O01012,FI00347,1
OD001533,O01013,FI00038,2
OD001534,O01013,FI00182,1
OD001535,O01014,FI00019,1
OD001536,O01014,FI00345,2
OD001537,O01015,FI00310,1
OD001538,O01015,FI00421,2
OD001539,O01016,FI00350,2
OD001540,O01017,FI00144,1
OD001541,O01017,FI00367,1
OD001542,O01018,FI00168,1
OD001543,O01019,FI00374,1
OD001544,O01020,FI00290,2
OD001545,O01020,FI00440,1
OD001546,O01021,FI00102,1
OD001547,O01021,FI00369,2
OD001548,O01022,FI00177,2
OD001549,O01022,FI00092,1
OD001550,O01023,FI00212,2
OD001551,O01024,FI00148,1
OD001552,O01025,FI00180,1
OD001553,O01025,FI00390,2
OD001554,O01026,FI00267,2
OD001555,O01026,FI00428,2
OD001556,O01027,FI00350,1
OD001557,O01027,FI00027,1
OD001558,O01028,FI00177,1
OD001559,O01028,FI00420,2
OD001560,O01029,FI00230,2
OD001561,O01030,FI00414,2
OD001562,O01030,FI00179,2
OD001563,O01031,FI00258,1
OD001564,O01032,FI00477,1
OD001565,O01033,FI00115,2
OD001566,O01033,FI00391,1
OD001567,O01034,FI00440,2
OD001568,O01035,FI00383,2
OD001569,O01036,FI00019,2
OD001570,O01036,FI00291,1
OD001571,O01037,FI00349,2
OD001572,O01037,FI00315,1
OD001573,O01038,FI00412,1
OD001574,O01038,FI00041,1
OD001575,O01039,FI00280,2
OD001576,O01039,FI00025,1
OD001577,O01040,FI00307,1
OD001578,O01041,FI00227,1
OD001579,O01041,FI00043,1
OD001580,O01042,FI00450,2
OD001581,O01042,FI00406,1
OD001582,O01043,FI00306,2
OD001583,O01043,FI00342,2
OD001584,O01044,FI00251,2
OD001585,O01044,FI00257,1
OD001586,O01045,FI00206,2
OD001587,O01045,FI00468,1
OD001588,O01046,FI00097,1
OD001589,O01047,FI00446,2
OD001590,O01047,FI00299,1
OD001591,O01048,FI00010,1
OD001592,O01049,FI00169,2
OD001593,O01050,FI00272,2
OD001594,O01051,FI00209,2
OD001595,O01052,FI00093,2
OD001596,O01053,FI00404,1
OD001597,O01054,FI00369,2
OD001598,O01054,FI00227,1
OD001599,O01055,FI00296,1
OD001600,O01056,FI00124,2
OD001601,O01057,FI00196,2
OD001602,O01058,FI00376,2
OD001603,O01058,FI00202,1
OD001604,O01059,FI00426,1
OD001605,O01060,FI00451,1
OD001606,O01061,FI00260,1
OD001607,O01062,FI00129,1
OD001608,O01062,FI00069,2
OD001609,O01063,FI00307,2
OD001610,O01064,FI00313,2
OD001611,O01065,FI00217,1
OD001612,O01065,FI00388,1
OD001613,O01066,FI00262,2
OD001614,O01067,FI00410,2
OD001615,O01067,FI00114,2
OD001616,O01068,FI00041,1
OD001617,O01069,FI00039,1
OD001618,O01070,FI00043,1
OD001619,O01070,FI00235,1
OD001620,O01071,FI00497,2
OD001621,O01071,FI00372,1
OD001622,O01072,FI00067,1
OD001623,O01072,FI00484,2
OD001624,O01073,FI00427,2
OD001625,O01074,FI00130,2
OD001626,O01075,FI00297,2
OD001627,O01075,FI00350,2
OD001628,O01076,FI00207,1
OD001629,O01077,FI00355,1
OD001630,O01077,FI00234,1
OD001631,O01078,FI00329,1
OD001632,O01079,FI00288,1
OD001633,O01080,FI00159,1
OD001634,O01080,FI00228,1
OD001635,O01081,FI00061,1
OD001636,O01081,FI00301,2
OD001637,O01082,FI00392,1
OD001638,O01083,FI00059,2
OD001639,O01083,FI00156,1
OD001640,O01084,FI00120,1
OD001641,O01084,FI00488,1
OD001642,O01085,FI00255,2
OD001643,O01086,FI00178,2
OD001644,O01087,FI00018,2
OD001645,O01087,FI00473,1
OD001646,O01088,FI00479,1
OD001647,O01089,FI00053,1
OD001648,O01089,FI00313,1
OD001649,O01090,FI00401,2
OD001650,O01091,FI00446,2
OD001651,O01091,FI00212,2
OD001652,O01092,FI00231,2
OD001653,O01092,FI00185,2
OD001654,O01093,FI00256,2
OD001655,O01093,FI00490,1
OD001656,O01094,FI00305,1
OD001657,O01094,FI00148,2
OD001658,O01095,FI00241,1
OD001659,O01095,FI00350,2
OD001660,O01096,FI00041,2
OD001661,O01097,FI00034,2
OD001662,O01097,FI00277,2
OD001663,O01098,FI00166,2
OD001664,O01098,FI00144,1
OD001665,O01099,FI00150,2
OD001666,O01099,FI00154,2
OD001667,O01100,FI00151,2
OD001668,O01100,FI00008,1
OD001669,O01101,FI00403,2
OD001670,O01101,FI00251,2
OD001671,O01102,FI00239,2
OD001672,O01102,FI00217,2
OD001673,O01103,FI00378,2
OD001674,O01104,FI00355,2
OD001675,O01105,FI00421,2
OD001676,O01105,FI00260,1
OD001677,O01106,FI00185,2
OD001678,O01107,FI00192,1
OD001679,O01108,FI00254,1
OD001680,O01109,FI00083,2
OD001681,O01109,FI00388,1
OD001682,O01110,FI00175,2
OD001683,O01111,FI00062,2
OD001684,O01112,FI00319,2
OD001685,O01112,FI00396,2
OD001686,O01113,FI00249,2
OD001687,O01114,FI00211,1
OD001688,O01114,FI00138,2
OD001689,O01115,FI00065,2
OD001690,O01115,FI00059,1
OD001691,O01116,FI00051,1
OD001692,O01116,FI00393,2
OD001693,O01117,FI00427,2
OD001694,O01117,FI00443,2
OD001695,O01118,FI00084,1
OD001696,O01119,FI00402,1
OD001697,O01120,FI00379,2
OD001698,O01121,FI00093,1
OD001699,O01122,FI00010,1
OD001700,O01123,FI00486,1
OD001701,O01124,FI00098,2
OD001702,O01125,FI00294,2
OD001703,O01126,FI00417,2
OD001704,O01127,FI00003,1
OD001705,O01128,FI00041,2
OD001706,O01129,FI00283,1
OD001707,O01130,FI00049,2
OD001708,O01130,FI00065,1
OD001709,O01131,FI00143,2
OD001710,O01132,FI00067,1
OD001711,O01132,FI00181,1
OD001712,O01133,FI00324,1
OD001713,O01133,FI00443,1
OD001714,O01134,FI00384,1
OD001715,O01135,FI00233,2
OD001716,O01136,FI00146,1
OD001717,O01136,FI00050,2
OD001718,O01137,FI00170,1
OD001719,O01137,FI00441,1
OD001720,O01138,FI00315,2
OD001721,O01138,FI00398,1
OD001722,O01139,FI00492,2
OD001723,O01139,FI00031,1
OD001724,O01140,FI00309,2
OD001725,O01140,FI00125,1
OD001726,O01141,FI00194,1
OD001727,O01142,FI00236,2
OD001728,O01142,FI00408,1
OD001729,O01143,FI00112,2
OD001730,O01143,FI00401,2
OD001731,O01144,FI00018,2
OD001732,O01145,FI00069,2
OD001733,O01145,FI00465,2
OD001734,O01146,FI00490,2
OD001735,O01147,FI00351,1
OD001736,O01147,FI00239,1
OD001737,O01148,FI00449,2
OD001738,O01149,FI00132,1
OD001739,O01149,FI00450,2
OD001740,O01150,FI00215,1
OD001741,O01150,FI00226,1
OD001742,O01151,FI00216,1
OD001743,O01151,FI00073,2
OD001744,O01152,FI00217,2
OD001745,O01153,FI00284,1
OD001746,O01154,FI00107,2
OD001747,O01155,FI00230,1
OD001748,O01155,FI00369,2
OD001749,O01156,FI00453,2
OD001750,O01156,FI00145,2
OD001751,O01157,FI00103,2
OD001752,O01157,FI00425,1
OD001753,O01158,FI00492,1
OD001754,O01158,FI00396,2
OD001755,O01159,FI00358,2
OD001756,O01160,FI00084,1
OD001757,O01161,FI00260,1
OD001758,O01161,FI00008,2
OD001759,O01162,FI00348,1
OD001760,O01162,FI00175,2
OD001761,O01163,FI00438,2
OD001762,O01163,FI00389,1
OD001763,O01164,FI00116,1
OD001764,O01165,FI00151,2
OD001765,O01165,FI00142,2
OD001766,O01166,FI00410,2
OD001767,O01167,FI00144,2
OD001768,O01168,FI00069,1
OD001769,O01168,FI00262,2
OD001770,O01169,FI00487,1
OD001771,O01170,FI00371,1
OD001772,O01171,FI00018,2
OD001773,O01171,FI00080,2
OD001774,O01172,FI00299,2
OD001775,O01173,FI00029,1
OD001776,O01174,FI00267,2
OD001777,O01174,FI00423,2
OD001778,O01175,FI00381,1
OD001779,O01175,FI00495,2
OD001780,O01176,FI00263,2
OD001781,O01176,FI00023,1
OD001782,O01177,FI00029,1
OD001783,O01178,FI00105,2
OD001784,O01179,FI00188,1
OD001785,O01180,FI00245,1
OD001786,O01180,FI00460,1
OD001787,O01181,FI00073,1
OD001788,O01181,FI00437,1
OD001789,O01182,FI00029,2
OD001790,O01182,FI00490,1
OD001791,O01183,FI00248,1
OD001792,O01184,FI00292,2
OD001793,O01185,FI00153,2
OD001794,O01186,FI00006,1
OD001795,O01187,FI00278,1
OD001796,O01187,FI00238,1
OD001797,O01188,FI00043,1
OD001798,O01188,FI00410,2
OD001799,O01189,FI00316,1
OD001800,O01190,FI00321,1
OD001801,O01190,FI00331,2
OD001802,O01191,FI00458,1
OD001803,O01191,FI00369,1
OD001804,O01192,FI00420,1
OD001805,O01193,FI00346,2
OD001806,O01193,FI00364,2
OD001807,O01194,FI00382,1
OD001808,O01194,FI00082,1
OD001809,O01195,FI00219,1
OD001810,O01196,FI00440,2
OD001811,O01196,FI00227,1
OD001812,O01197,FI00256,2
OD001813,O01197,FI00029,2
OD001814,O01198,FI00187,1
OD001815,O01199,FI00008,1
OD001816,O01199,FI00308,2
OD001817,O01200,FI00073,1
OD001818,O01200,FI00220,1
OD001819,O01201,FI00440,1
OD001820,O01202,FI00008,2
OD001821,O01202,FI00316,2
OD001822,O01203,FI00310,1
OD001823,O01204,FI00406,1
OD001824,O01205,FI00364,2
OD001825,O01205,FI00329,2
OD001826,O01206,FI00435,2
OD001827,O01207,FI00132,1
OD001828,O01207,FI00123,1
OD001829,O01208,FI00202,1
OD001830,O01208,FI00434,2
OD001831,O01209,FI00211,1
OD001832,O01209,FI00468,1
OD001833,O01210,FI00063,1
OD001834,O01211,FI00394,2
OD001835,O01212,FI00392,1
OD001836,O01212,FI00280,2
OD001837,O01213,FI00154,2
OD001838,O01214,FI00200,2
OD001839,O01215,FI00259,2
OD001840,O01215,FI00295,1
OD001841,O01216,FI00441,1
OD001842,O01216,FI00302,2
OD001843,O01217,FI00006,2
OD001844,O01218,FI00224,1
OD001845,O01219,FI00079,2
OD001846,O01219,FI00279,1
OD001847,O01220,FI00063,1
OD001848,O01221,FI00259,1
OD001849,O01221,FI00451,1
OD001850,O01222,FI00346,1
OD001851,O01222,FI00187,1
OD001852,O01223,FI00073,1
OD001853,O01224,FI00272,2
OD001854,O01225,FI00176,2
OD001855,O01226,FI00192,1
OD001856,O01226,FI00309,1
OD001857,O01227,FI00387,2
OD001858,O01227,FI00255,1
OD001859,O01228,FI00345,2
OD001860,O01229,FI00459,1
OD001861,O01229,FI00185,1
OD001862,O01230,FI00182,1
OD001863,O01230,FI00487,1
OD001864,O01231,FI00455,2
OD001865,O01232,FI00345,2
OD001866,O01233,FI00150,2
OD001867,O01233,FI00194,1
OD001868,O01234,FI00057,1
OD001869,O01235,FI00179,1
OD001870,O01236,FI00341,1
OD001871,O01237,FI00324,1
OD001872,O01237,FI00049,1
OD001873,O01238,FI00336,1
OD001874,O01239,FI00262,1
OD001875,O01239,FI00082,2
OD001876,O01240,FI00145,2
OD001877,O01241,FI00131,2
OD001878,O01242,FI00121,1
OD001879,O01243,FI00333,1
OD001880,O01244,FI00111,2
OD001881,O01245,FI00087,2
OD001882,O01246,FI00277,2
OD001883,O01247,FI00477,1
OD001884,O01248,FI00219,2
OD001885,O01248,FI00346,1
OD001886,O01249,FI00481,1
OD001887,O01250,FI00374,1
OD001888,O01250,FI00043,1
OD001889,O01251,FI00429,2
OD001890,O01252,FI00485,2
OD001891,O01253,FI00203,2
OD001892,O01254,FI00092,2
OD001893,O01254,FI00074,2
OD001894,O01255,FI00236,1
OD001895,O01255,FI00311,1
OD001896,O01256,FI00429,1
OD001897,O01257,FI00260,2
OD001898,O01257,FI00490,2
OD001899,O01258,FI00250,2
OD001900,O01258,FI00039,2
OD001901,O01259,FI00121,2
OD001902,O01259,FI00096,1
OD001903,O01260,FI00121,2
OD001904,O01261,FI00422,2
OD001905,O01261,FI00027,2
OD001906,O01262,FI00472,2
OD001907,O01262,FI00022,1
OD001908,O01263,FI00129,2
OD001909,O01264,FI00221,2
OD001910,O01265,FI00112,2
OD001911,O01266,FI00311,1
OD001912,O01266,FI00381,1
OD001913,O01267,FI00222,2
OD001914,O01268,FI00166,2
OD001915,O01268,FI00240,1
OD001916,O01269,FI00268,1
OD001917,O01270,FI00090,2
OD001918,O01271,FI00480,2
OD001919,O01272,FI00184,1
OD001920,O01272,FI00456,1
OD001921,O01273,FI00181,2
OD001922,O01274,FI00161,2
OD001923,O01274,FI00288,2
OD001924,O01275,FI00443,1
OD001925,O01275,FI00060,2
OD001926,O01276,FI00038,1
OD001927,O01276,FI00390,1
OD001928,O01277,FI00124,2
OD001929,O01277,FI00332,1
OD001930,O01278,FI00170,2
OD001931,O01278,FI00364,2
OD001932,O01279,FI00079,1
OD001933,O01279,FI00235,1
OD001934,O01280,FI00238,2
OD001935,O01280,FI00077,2
OD001936,O01281,FI00016,2
OD001937,O01281,FI00083,2
OD001938,O01282,FI00248,2
OD001939,O01282,FI00039,1
OD001940,O01283,FI00132,2
OD001941,O01283,FI00451,2
OD001942,O01284,FI00422,1
OD001943,O01284,FI00013,2
OD001944,O01285,FI00486,2
OD001945,O01286,FI00065,2
OD001946,O01287,FI00294,2
OD001947,O01288,FI00071,1
OD001948,O01289,FI00138,2
OD001949,O01289,FI00398,1
OD001950,O01290,FI00362,2
OD001951,O01291,FI00116,1
OD001952,O01292,FI00440,2
OD001953,O01292,FI00119,2
OD001954,O01293,FI00392,2
OD001955,O01294,FI00339,2
OD001956,O01295,FI00220,1
OD001957,O01295,FI00379,1
OD001958,O01296,FI00152,1
OD001959,O01296,FI00221,1
OD001960,O01297,FI00363,1
OD001961,O01297,FI00481,1
OD001962,O01298,FI00114,1
OD001963,O01298,FI00112,1
OD001964,O01299,FI00495,1
OD001965,O01299,FI00424,1
OD001966,O01300,FI00473,2
OD001967,O01301,FI00285,2
OD001968,O01301,FI00485,1
OD001969,O01302,FI00111,2
OD001970,O01303,FI00127,1
OD001971,O01304,FI00094,2
OD001972,O01304,FI00482,1
OD001973,O01305,FI00241,1
OD001974,O01306,FI00497,1
OD001975,O01307,FI00200,1
OD001976,O01308,FI00147,1
OD001977,O01308,FI00466,1
OD001978,O01309,FI00184,1
OD001979,O01309,FI00123,1
OD001980,O01310,FI00168,1
OD001981,O01311,FI00109,2
OD001982,O01311,FI00166,2
OD001983,O01312,FI00023,1
OD001984,O01313,FI00400,2
OD001985,O01314,FI00414,1
OD001986,O01315,FI00117,2
OD001987,O01316,FI00201,1
OD001988,O01317,FI00047,1
OD001989,O01318,FI00200,2
OD001990,O01319,FI00117,2
OD001991,O01319,FI00198,1
OD001992,O01320,FI00300,2
OD001993,O01321,FI00166,1
OD001994,O01321,FI00051,2
OD001995,O01322,FI00421,2
OD001996,O01323,FI00143,2
OD001997,O01324,FI00147,1
OD001998,O01324,FI00306,1
OD001999,O01325,FI00008,1
OD002000,O01325,FI00273,2
OD002001,O01326,FI00365,1
OD002002,O01327,FI00166,1
OD002003,O01328,FI00281,2
OD002004,O01329,FI00229,1
OD002005,O01330,FI00311,1
OD002006,O01330,FI00348,2
OD002007,O01331,FI00487,2
OD002008,O01331,FI00214,1
OD002009,O01332,FI00134,1
OD002010,O01333,FI00116,2
OD002011,O01333,FI00392,2
OD002012,O01334,FI00215,2
OD002013,O01334,FI00111,2
OD002014,O01335,FI00493,1
OD002015,O01336,FI00135,1
OD002016,O01337,FI00261,2
OD002017,O01337,FI00001,2
OD002018,O01338,FI00178,2
OD002019,O01338,FI00063,2
OD002020,O01339,FI00105,1
OD002021,O01339,FI00208,1
OD002022,O01340,FI00216,2
OD002023,O01340,FI00437,1
OD002024,O01341,FI00172,2
OD002025,O01342,FI00432,1
OD002026,O01343,FI00177,2
OD002027,O01343,FI00251,1
OD002028,O01344,FI00285,1
OD002029,O01345,FI00081,2
OD002030,O01345,FI00155,1
OD002031,O01346,FI00108,1
OD002032,O01346,FI00013,2
OD002033,O01347,FI00211,1
OD002034,O01347,FI00392,2
OD002035,O01348,FI00308,1
OD002036,O01349,FI00023,2
OD002037,O01350,FI00337,2
OD002038,O01351,FI00347,1
OD002039,O01351,FI00354,2
OD002040,O01352,FI00185,1
OD002041,O01352,FI00372,1
OD002042,O01353,FI00437,2
OD002043,O01353,FI00403,2
OD002044,O01354,FI00241,1
OD002045,O01355,FI00329,2
OD002046,O01356,FI00181,1
OD002047,O01356,FI00170,1
OD002048,O01357,FI00257,2
OD002049,O01357,FI00178,1
OD002050,O01358,FI00319,1
OD002051,O01359,FI00152,2
OD002052,O01360,FI00136,2
OD002053,O01360,FI00363,1
OD002054,O01361,FI00119,2
OD002055,O01362,FI00008,2
OD002056,O01362,FI00327,1
OD002057,O01363,FI00332,1
OD002058,O01364,FI00298,1
OD002059,O01365,FI00441,1
OD002060,O01366,FI00272,2
OD002061,O01366,FI00489,2
OD002062,O01367,FI00005,2
OD002063,O01368,FI00083,1
OD002064,O01369,FI00011,2
OD002065,O01369,FI00190,1
OD002066,O01370,FI00036,1
OD002067,O01371,FI00265,1
OD002068,O01371,FI00419,2
OD002069,O01372,FI00072,2
OD002070,O01372,FI00453,2
OD002071,O01373,FI00281,2
OD002072,O01374,FI00221,1
OD002073,O01374,FI00003,1
OD002074,O01375,FI00253,2
OD002075,O01376,FI00050,2
OD002076,O01376,FI00343,2
OD002077,O01377,FI00136,2
OD002078,O01378,FI00008,1
OD002079,O01379,FI00351,1
OD002080,O01380,FI00353,2
OD002081,O01381,FI00073,1
OD002082,O01381,FI00383,1
OD002083,O01382,FI00326,1
OD002084,O01383,FI00324,1
OD002085,O01383,FI00364,1
OD002086,O01384,FI00493,2
OD002087,O01384,FI00040,2
OD002088,O01385,FI00081,2
OD002089,O01385,FI00149,2
OD002090,O01386,FI00072,1
OD002091,O01387,FI00384,2
OD002092,O01387,FI00051,1
OD002093,O01388,FI00295,1
OD002094,O01388,FI00098,2
OD002095,O01389,FI00343,1
OD002096,O01389,FI00231,2
OD002097,O01390,FI00176,2
OD002098,O01390,FI00244,1
OD002099,O01391,FI00361,1
OD002100,O01392,FI00163,2
OD002101,O01392,FI00288,2
OD002102,O01393,FI00217,1
OD002103,O01393,FI00329,1
OD002104,O01394,FI00027,1
OD002105,O01394,FI00236,2
OD002106,O01395,FI00032,2
OD002107,O01396,FI00115,1
OD002108,O01396,FI00480,1
OD002109,O01397,FI00410,1
OD002110,O01397,FI00315,1
OD002111,O01398,FI00386,1
OD002112,O01399,FI00055,1
OD002113,O01400,FI00375,2
OD002114,O01400,FI00069,1
OD002115,O01401,FI00128,1
OD002116,O01402,FI00341,1
OD002117,O01403,FI00102,2
OD002118,O01404,FI00489,2
OD002119,O01405,FI00499,1
OD002120,O01406,FI00349,2
OD002121,O01406,FI00113,2
OD002122,O01407,FI00015,1
OD002123,O01407,FI00032,2
OD002124,O01408,FI00130,2
OD002125,O01409,FI00311,2
OD002126,O01410,FI00358,1
OD002127,O01411,FI00460,2
OD002128,O01411,FI00375,1
OD002129,O01412,FI00067,1
OD002130,O01413,FI00266,1
OD002131,O01414,FI00425,2
OD002132,O01415,FI00347,1
OD002133,O01415,FI00489,2
OD002134,O01416,FI00007,1
OD002135,O01416,FI00466,1
OD002136,O01417,FI00456,1
OD002137,O01418,FI00283,1
OD002138,O01418,FI00038,2
OD002139,O01419,FI00437,2
OD002140,O01420,FI00417,2
OD002141,O01420,FI00098,1
OD002142,O01421,FI00445,1
OD002143,O01421,FI00026,2
OD002144,O01422,FI00361,1
OD002145,O01422,FI00064,1
OD002146,O01423,FI00034,1
OD002147,O01424,FI00043,2
OD002148,O01425,FI00287,2
OD002149,O01425,FI00372,1
OD002150,O01426,FI00073,2
OD002151,O01427,FI00440,1
OD002152,O01428,FI00281,1
OD002153,O01429,FI00055,2
OD002154,O01430,FI00236,1
OD002155,O01430,FI00281,1
OD002156,O01431,FI00126,2
OD002157,O01432,FI00452,2
OD002158,O01433,FI00487,1
OD002159,O01433,FI00110,2
OD002160,O01434,FI00487,1
OD002161,O01435,FI00047,2
OD002162,O01436,FI00232,1
OD002163,O01437,FI00434,2
OD002164,O01438,FI00008,2
OD002165,O01438,FI00128,2
OD002166,O01439,FI00068,2
OD002167,O01439,FI00223,1
OD002168,O01440,FI00296,1
OD002169,O01441,FI00355,1
OD002170,O01441,FI00245,2
OD002171,O01442,FI00119,2
OD002172,O01442,FI00368,2
OD002173,O01443,FI00280,2
OD002174,O01443,FI00089,1
OD002175,O01444,FI00342,1
OD002176,O01445,FI00459,1
OD002177,O01446,FI00437,1
OD002178,O01446,FI00273,2
OD002179,O01447,FI00419,1
OD002180,O01447,FI00220,1
OD002181,O01448,FI00334,1
OD002182,O01449,FI00346,2
OD002183,O01450,FI00253,1
OD002184,O01450,FI00466,2
OD002185,O01451,FI00487,1
OD002186,O01452,FI00134,1
OD002187,O01452,FI00019,2
OD002188,O01453,FI00063,2
OD002189,O01454,FI00071,2
OD002190,O01454,FI00262,2
OD002191,O01455,FI00036,2
OD002192,O01455,FI00305,1
OD002193,O01456,FI00470,1
OD002194,O01456,FI00021,1
OD002195,O01457,FI00384,2
OD002196,O01457,FI00434,1
OD002197,O01458,FI00240,1
OD002198,O01459,FI00031,1
OD002199,O01460,FI00127,2
OD002200,O01460,FI00081,1
OD002201,O01461,FI00416,2
OD002202,O01462,FI00072,2
OD002203,O01462,FI00201,2
OD002204,O01463,FI00266,1
OD002205,O01463,FI00100,1
OD002206,O01464,FI00359,1
OD002207,O01464,FI00062,2
OD002208,O01465,FI00425,2
OD002209,O01465,FI00235,1
OD002210,O01466,FI00239,1
OD002211,O01466,FI00381,1
OD002212,O01467,FI00284,2
OD002213,O01467,FI00254,1
OD002214,O01468,FI00032,2
OD002215,O01468,FI00104,2
OD002216,O01469,FI00207,2
OD002217,O01470,FI00094,2
OD002218,O01470,FI00318,2
OD002219,O01471,FI00479,2
OD002220,O01471,FI00066,1
OD002221,O01472,FI00131,1
OD002222,O01472,FI00098,1
OD002223,O01473,FI00277,2
OD002224,O01474,FI00191,1
OD002225,O01474,FI00373,1
OD002226,O01475,FI00360,2
OD002227,O01476,FI00464,2
OD002228,O01477,FI00336,2
OD002229,O01478,FI00255,2
OD002230,O01478,FI00130,2
OD002231,O01479,FI00111,1
OD002232,O01480,FI00208,2
OD002233,O01480,FI00143,2
OD002234,O01481,FI00236,2
OD002235,O01481,FI00383,1
OD002236,O01482,FI00474,2
OD002237,O01483,FI00396,2
OD002238,O01484,FI00156,1
OD002239,O01484,FI00016,1
OD002240,O01485,FI00231,2
OD002241,O01485,FI00440,1
OD002242,O01486,FI00060,2
OD002243,O01486,FI00406,2
OD002244,O01487,FI00154,2
OD002245,O01488,FI00351,1
OD002246,O01488,FI00104,1
OD002247,O01489,FI00352,2
OD002248,O01490,FI00229,1
OD002249,O01490,FI00448,1
OD002250,O01491,FI00404,2
OD002251,O01491,FI00122,2
OD002252,O01492,FI00156,1
OD002253,O01492,FI00451,1
OD002254,O01493,FI00169,1
OD002255,O01493,FI00038,1
OD002256,O01494,FI00137,2
OD002257,O01495,FI00035,1
OD002258,O01496,FI00267,2
OD002259,O01497,FI00260,2
OD002260,O01497,FI00175,2
OD002261,O01498,FI00240,1
OD002262,O01498,FI00258,1
OD002263,O01499,FI00022,1
OD002264,O01500,FI00119,1
OD002265,O01500,FI00212,2
OD002266,O01501,FI00480,1
OD002267,O01502,FI00223,1
OD002268,O01503,FI00309,2
OD002269,O01504,FI00422,1
OD002270,O01504,FI00325,1
OD002271,O01505,FI00445,2
OD002272,O01506,FI00314,2
OD002273,O01506,FI00430,2
OD002274,O01507,FI00173,2
OD002275,O01508,FI00181,1
OD002276,O01508,FI00239,1
OD002277,O01509,FI00171,1
OD002278,O01510,FI00008,2
OD002279,O01511,FI00298,1
OD002280,O01512,FI00090,1
OD002281,O01512,FI00298,1
OD002282,O01513,FI00424,1
OD002283,O01513,FI00081,2
OD002284,O01514,FI00414,2
OD002285,O01514,FI00391,1
OD002286,O01515,FI00218,2
OD002287,O01516,FI00127,2
OD002288,O01516,FI00448,1
OD002289,O01517,FI00322,2
OD002290,O01517,FI00091,2
OD002291,O01518,FI00323,2
OD002292,O01518,FI00246,1
OD002293,O01519,FI00307,2
OD002294,O01519,FI00491,2
OD002295,O01520,FI00182,2
OD002296,O01520,FI00352,2
OD002297,O01521,FI00113,1
OD002298,O01521,FI00360,2
OD002299,O01522,FI00129,2
OD002300,O01522,FI00444,2
OD002301,O01523,FI00102,2
OD002302,O01524,FI00133,2
OD002303,O01525,FI00041,1
OD002304,O01526,FI00403,2
OD002305,O01527,FI00055,2
OD002306,O01528,FI00408,2
OD002307,O01528,FI00176,2
OD002308,O01529,FI00039,2
OD002309,O01530,FI00378,1
OD002310,O01531,FI00056,1
OD002311,O01531,FI00011,2
OD002312,O01532,FI00148,2
OD002313,O01533,FI00134,2
OD002314,O01533,FI00373,1
OD002315,O01534,FI00279,1
OD002316,O01535,FI00106,2
OD002317,O01536,FI00120,1
OD002318,O01536,FI00135,2
OD002319,O01537,FI00151,1
OD002320,O01537,FI00132,2
OD002321,O01538,FI00057,2
OD002322,O01538,FI00209,1
OD002323,O01539,FI00176,1
OD002324,O01539,FI00479,2
OD002325,O01540,FI00432,2
OD002326,O01540,FI00065,2
OD002327,O01541,FI00013,2
OD002328,O01541,FI00305,2
OD002329,O01542,FI00039,2
OD002330,O01542,FI00036,2
OD002331,O01543,FI00308,2
OD002332,O01544,FI00328,1
OD002333,O01544,FI00181,1
OD002334,O01545,FI00115,1
OD002335,O01546,FI00242,1
OD002336,O01546,FI00401,2
OD002337,O01547,FI00226,2
OD002338,O01547,FI00438,1
OD002339,O01548,FI00440,2
OD002340,O01549,FI00241,2
OD002341,O01550,FI00232,1
OD002342,O01550,FI00254,1
OD002343,O01551,FI00286,2
OD002344,O01551,FI00274,2
OD002345,O01552,FI00296,1
OD002346,O01552,FI00191,2
OD002347,O01553,FI00185,2
OD002348,O01554,FI00164,2
OD002349,O01555,FI00382,2
OD002350,O01556,FI00016,1
OD002351,O01557,FI00202,2
OD002352,O01558,FI00332,2
OD002353,O01559,FI00252,2
OD002354,O01559,FI00122,1
OD002355,O01560,FI00254,1
OD002356,O01560,FI00495,1
OD002357,O01561,FI00231,1
OD002358,O01562,FI00434,2
OD002359,O01562,FI00040,2
OD002360,O01563,FI00443,1
OD002361,O01563,FI00028,1
OD002362,O01564,FI00302,1
OD002363,O01564,FI00424,1
OD002364,O01565,FI00289,1
OD002365,O01566,FI00262,1
OD002366,O01566,FI00154,1
OD002367,O01567,FI00300,2
OD002368,O01567,FI00009,1
OD002369,O01568,FI00269,1
OD002370,O01568,FI00131,1
OD002371,O01569,FI00269,2
OD002372,O01569,FI00073,2
OD002373,O01570,FI00284,2
OD002374,O01571,FI00471,2
OD002375,O01571,FI00332,2
OD002376,O01572,FI00398,1
OD002377,O01572,FI00097,1
OD002378,O01573,FI00104,1
OD002379,O01573,FI00480,2
OD002380,O01574,FI00115,2
OD002381,O01575,FI00210,2
OD002382,O01576,FI00110,1
OD002383,O01577,FI00100,1
OD002384,O01577,FI00161,1
OD002385,O01578,FI00408,1
OD002386,O01579,FI00331,2
OD002387,O01580,FI00370,2
OD002388,O01581,FI00374,2
OD002389,O01582,FI00208,2
OD002390,O01582,FI00176,2
OD002391,O01583,FI00117,2
OD002392,O01584,FI00212,2
OD002393,O01584,FI00373,1
OD002394,O01585,FI00271,1
OD002395,O01585,FI00262,1
OD002396,O01586,FI00499,2
OD002397,O01587,FI00018,1
OD002398,O01588,FI00274,1
OD002399,O01589,FI00369,1
OD002400,O01590,FI00238,1
OD002401,O01591,FI00408,2
OD002402,O01592,FI00476,1
OD002403,O01593,FI00492,1
OD002404,O01593,FI00207,1
OD002405,O01594,FI00229,1
OD002406,O01594,FI00464,1
OD002407,O01595,FI00334,2
OD002408,O01595,FI00139,1
OD002409,O01596,FI00392,1
OD002410,O01596,FI00370,2
OD002411,O01597,FI00495,2
OD002412,O01598,FI00498,1
OD002413,O01598,FI00279,2
OD002414,O01599,FI00016,1
OD002415,O01600,FI00108,1
OD002416,O01600,FI00467,1
OD002417,O01601,FI00021,1
OD002418,O01602,FI00087,2
OD002419,O01602,FI00350,2
OD002420,O01603,FI00140,2
OD002421,O01604,FI00277,2
OD002422,O01605,FI00322,1
OD002423,O01606,FI00065,2
OD002424,O01607,FI00134,2
OD002425,O01607,FI00247,2
OD002426,O01608,FI00173,1
OD002427,O01608,FI00465,1
OD002428,O01609,FI00341,1
OD002429,O01609,FI00207,1
OD002430,O01610,FI00193,1
OD002431,O01610,FI00194,1
OD002432,O01611,FI00217,1
OD002433,O01611,FI00195,2
OD002434,O01612,FI00340,1
OD002435,O01613,FI00333,1
OD002436,O01614,FI00024,1
OD002437,O01614,FI00157,1
OD002438,O01615,FI00413,2
OD002439,O01615,FI00381,1
OD002440,O01616,FI00220,1
OD002441,O01616,FI00123,2
OD002442,O01617,FI00120,2
OD002443,O01617,FI00248,2
OD002444,O01618,FI00255,2
OD002445,O01618,FI00028,2
OD002446,O01619,FI00380,2
OD002447,O01619,FI00188,2
OD002448,O01620,FI00467,1
OD002449,O01620,FI00151,1
OD002450,O01621,FI00169,2
OD002451,O01621,FI00191,2
OD002452,O01622,FI00240,2
OD002453,O01622,FI00267,1
OD002454,O01623,FI00468,1
OD002455,O01623,FI00360,1
OD002456,O01624,FI00276,1
OD002457,O01624,FI00215,2
OD002458,O01625,FI00422,1
OD002459,O01626,FI00138,2
OD002460,O01627,FI00173,1
OD002461,O01628,FI00189,2
OD002462,O01629,FI00133,2
OD002463,O01629,FI00094,1
OD002464,O01630,FI00295,2
OD002465,O01631,FI00109,2
OD002466,O01632,FI00053,1
OD002467,O01632,FI00360,2
OD002468,O01633,FI00312,2
OD002469,O01633,FI00355,2
OD002470,O01634,FI00121,1
OD002471,O01634,FI00215,2
OD002472,O01635,FI00112,1
OD002473,O01635,FI00457,1
OD002474,O01636,FI00022,1
OD002475,O01637,FI00083,2
OD002476,O01637,FI00087,2
OD002477,O01638,FI00243,1
OD002478,O01639,FI00187,1
OD002479,O01639,FI00216,1
OD002480,O01640,FI00078,1
OD002481,O01640,FI00414,1
OD002482,O01641,FI00312,2
OD002483,O01642,FI00065,1
OD002484,O01643,FI00472,1
OD002485,O01644,FI00022,1
OD002486,O01644,FI00378,2
OD002487,O01645,FI00442,1
OD002488,O01646,FI00056,2
OD002489,O01646,FI00189,1
OD002490,O01647,FI00093,1
OD002491,O01647,FI00120,2
OD002492,O01648,FI00272,1
OD002493,O01649,FI00190,2
OD002494,O01649,FI00290,2
OD002495,O01650,FI00422,1
OD002496,O01651,FI00478,1
OD002497,O01652,FI00022,2
OD002498,O01653,FI00141,2
OD002499,O01654,FI00427,2
OD002500,O01655,FI00126,2
OD002501,O01655,FI00415,2
OD002502,O01656,FI00295,1
OD002503,O01656,FI00335,1
OD002504,O01657,FI00228,1
OD002505,O01658,FI00327,1
OD002506,O01658,FI00181,1
OD002507,O01659,FI00428,1
OD002508,O01659,FI00145,1
OD002509,O01660,FI00006,1
OD002510,O01660,FI00479,1
OD002511,O01661,FI00218,1
OD002512,O01662,FI00366,1
OD002513,O01663,FI00308,2
OD002514,O01663,FI00333,1
OD002515,O01664,FI00365,2
OD002516,O01664,FI00354,1
OD002517,O01665,FI00364,2
OD002518,O01666,FI00104,1
OD002519,O01667,FI00173,2
OD002520,O01667,FI00275,1
OD002521,O01668,FI00056,2
OD002522,O01669,FI00381,1
OD002523,O01669,FI00480,1
OD002524,O01670,FI00155,2
OD002525,O01670,FI00379,1
OD002526,O01671,FI00001,2
OD002527,O01672,FI00231,2
OD002528,O01672,FI00014,2
OD002529,O01673,FI00448,1
OD002530,O01674,FI00177,2
OD002531,O01674,FI00327,1
OD002532,O01675,FI00131,1
OD002533,O01675,FI00263,2
OD002534,O01676,FI00486,2
OD002535,O01676,FI00018,2
OD002536,O01677,FI00374,1
OD002537,O01678,FI00092,1
OD002538,O01679,FI00121,2
OD002539,O01680,FI00102,1
OD002540,O01681,FI00087,2
OD002541,O01682,FI00343,2
OD002542,O01683,FI00218,2
OD002543,O01683,FI00378,2
OD002544,O01684,FI00216,1
OD002545,O01685,FI00150,1
OD002546,O01686,FI00434,1
OD002547,O01687,FI00203,2
OD002548,O01688,FI00482,2
OD002549,O01689,FI00297,1
OD002550,O01690,FI00429,1
OD002551,O01690,FI00084,2
OD002552,O01691,FI00034,2
OD002553,O01692,FI00222,2
OD002554,O01693,FI00196,2
OD002555,O01693,FI00470,2
OD002556,O01694,FI00413,1
OD002557,O01694,FI00092,1
OD002558,O01695,FI00245,1
OD002559,O01696,FI00473,2
OD002560,O01697,FI00085,1
OD002561,O01698,FI00345,1
OD002562,O01698,FI00126,1
OD002563,O01699,FI00224,1
OD002564,O01700,FI00416,1
OD002565,O01700,FI00256,1
OD002566,O01701,FI00140,2
OD002567,O01701,FI00230,1
OD002568,O01702,FI00043,1
OD002569,O01702,FI00050,1
OD002570,O01703,FI00340,1
OD002571,O01704,FI00327,2
OD002572,O01705,FI00281,2
OD002573,O01705,FI00346,2
OD002574,O01706,FI00101,1
OD002575,O01707,FI00012,1
OD002576,O01708,FI00220,2
OD002577,O01709,FI00454,1
OD002578,O01710,FI00352,1
OD002579,O01710,FI00137,1
OD002580,O01711,FI00036,1
OD002581,O01712,FI00044,1
OD002582,O01713,FI00416,1
OD002583,O01713,FI00377,1
OD002584,O01714,FI00344,2
OD002585,O01714,FI00295,1
OD002586,O01715,FI00276,1
OD002587,O01716,FI00350,1
OD002588,O01716,FI00009,2
OD002589,O01717,FI00217,1
OD002590,O01717,FI00431,1
OD002591,O01718,FI00450,2
OD002592,O01719,FI00358,2
OD002593,O01719,FI00458,2
OD002594,O01720,FI00024,2
OD002595,O01721,FI00246,1
OD002596,O01722,FI00154,1
OD002597,O01723,FI00456,1
OD002598,O01724,FI00243,2
OD002599,O01725,FI00311,2
OD002600,O01726,FI00362,1
OD002601,O01726,FI00346,1
OD002602,O01727,FI00115,1
OD002603,O01727,FI00254,2
OD002604,O01728,FI00270,2
OD002605,O01728,FI00393,2
OD002606,O01729,FI00386,1
OD002607,O01729,FI00389,1
OD002608,O01730,FI00342,1
OD002609,O01730,FI00234,2
OD002610,O01731,FI00150,1
OD002611,O01732,FI00112,2
OD002612,O01732,FI00020,1
OD002613,O01733,FI00202,1
OD002614,O01734,FI00243,2
OD002615,O01735,FI00123,2
OD002616,O01735,FI00441,1
OD002617,O01736,FI00061,1
OD002618,O01737,FI00191,1
OD002619,O01738,FI00147,1
OD002620,O01739,FI00009,2
OD002621,O01740,FI00016,1
OD002622,O01741,FI00058,1
OD002623,O01742,FI00446,2
OD002624,O01742,FI00338,2
OD002625,O01743,FI00391,1
OD002626,O01744,FI00407,2
OD002627,O01745,FI00105,1
OD002628,O01745,FI00026,2
OD002629,O01746,FI00395,2
OD002630,O01746,FI00430,2
OD002631,O01747,FI00427,1
OD002632,O01748,FI00289,2
OD002633,O01749,FI00444,1
OD002634,O01750,FI00475,1
OD002635,O01750,FI00226,1
OD002636,O01751,FI00256,2
OD002637,O01751,FI00443,1
OD002638,O01752,FI00389,1
OD002639,O01752,FI00141,2
OD002640,O01753,FI00172,1
OD002641,O01754,FI00065,1
OD002642,O01754,FI00232,1
OD002643,O01755,FI00077,2
OD002644,O01755,FI00231,1
OD002645,O01756,FI00263,1
OD002646,O01756,FI00092,2
OD002647,O01757,FI00168,2
OD002648,O01757,FI00385,1
OD002649,O01758,FI00099,2
OD002650,O01758,FI00485,1
OD002651,O01759,FI00302,2
OD002652,O01759,FI00128,2
OD002653,O01760,FI00221,1
OD002654,O01760,FI00026,2
OD002655,O01761,FI00281,2
OD002656,O01761,FI00017,2
OD002657,O01762,FI00393,2
OD002658,O01762,FI00043,1
OD002659,O01763,FI00132,2
OD002660,O01764,FI00048,1
OD002661,O01764,FI00399,1
OD002662,O01765,FI00133,2
OD002663,O01766,FI00201,2
OD002664,O01766,FI00051,2
OD002665,O01767,FI00468,2
OD002666,O01767,FI00089,1
OD002667,O01768,FI00040,1
OD002668,O01769,FI00047,2
OD002669,O01769,FI00498,2
OD002670,O01770,FI00253,2
OD002671,O01771,FI00185,1
OD002672,O01772,FI00133,1
OD002673,O01773,FI00362,1
OD002674,O01774,FI00166,1
OD002675,O01774,FI00071,2
OD002676,O01775,FI00320,1
OD002677,O01776,FI00438,1
OD002678,O01776,FI00258,2
OD002679,O01777,FI00460,2
OD002680,O01778,FI00393,2
OD002681,O01778,FI00169,1
OD002682,O01779,FI00031,1
OD002683,O01780,FI00180,1
OD002684,O01781,FI00013,2
OD002685,O01782,FI00340,2
OD002686,O01782,FI00373,1
OD002687,O01783,FI00213,2
OD002688,O01784,FI00252,1
OD002689,O01784,FI00146,2
OD002690,O01785,FI00216,1
OD002691,O01786,FI00269,1
OD002692,O01787,FI00197,1
OD002693,O01788,FI00400,1
OD002694,O01788,FI00325,1
OD002695,O01789,FI00340,1
OD002696,O01790,FI00115,2
OD002697,O01790,FI00282,1
OD002698,O01791,FI00201,1
OD002699,O01792,FI00483,1
OD002700,O01793,FI00363,1
OD002701,O01794,FI00392,2
OD002702,O01794,FI00278,2
OD002703,O01795,FI00450,2
OD002704,O01796,FI00300,1
OD002705,O01797,FI00375,2
OD002706,O01797,FI00447,1
OD002707,O01798,FI00179,1
OD002708,O01798,FI00232,2
OD002709,O01799,FI00346,2
OD002710,O01799,FI00209,1
OD002711,O01800,FI00395,2
OD002712,O01801,FI00102,2
OD002713,O01801,FI00197,2
OD002714,O01802,FI00339,2
OD002715,O01802,FI00147,1
OD002716,O01803,FI00119,1
OD002717,O01804,FI00191,2
OD002718,O01805,FI00037,2
OD002719,O01806,FI00432,2
OD002720,O01806,FI00302,1
OD002721,O01807,FI00083,2
OD002722,O01807,FI00269,1
OD002723,O01808,FI00186,1
OD002724,O01808,FI00108,2
OD002725,O01809,FI00186,1
OD002726,O01810,FI00248,1
OD002727,O01811,FI00255,2
OD002728,O01812,FI00424,2
OD002729,O01813,FI00433,2
OD002730,O01813,FI00435,1
OD002731,O01814,FI00400,2
OD002732,O01815,FI00311,1
OD002733,O01815,FI00474,2
OD002734,O01816,FI00496,1
OD002735,O01816,FI00415,1
OD002736,O01817,FI00016,2
OD002737,O01818,FI00184,2
OD002738,O01818,FI00181,1
OD002739,O01819,FI00194,2
OD002740,O01820,FI00031,2
OD002741,O01821,FI00268,2
OD002742,O01822,FI00453,2
OD002743,O01822,FI00226,1
OD002744,O01823,FI00385,1
OD002745,O01823,FI00386,2
OD002746,O01824,FI00491,1
OD002747,O01825,FI00445,2
OD002748,O01826,FI00493,1
OD002749,O01827,FI00072,1
OD002750,O01828,FI00328,2
OD002751,O01828,FI00284,1
OD002752,O01829,FI00209,1
OD002753,O01829,FI00065,1
OD002754,O01830,FI00031,2
OD002755,O01830,FI00035,1
OD002756,O01831,FI00053,1
OD002757,O01831,FI00472,2
OD002758,O01832,FI00321,2
OD002759,O01833,FI00174,2
OD002760,O01833,FI00394,2
OD002761,O01834,FI00023,2
OD002762,O01835,FI00014,1
OD002763,O01836,FI00113,2
OD002764,O01837,FI00396,2
OD002765,O01837,FI00064,1
OD002766,O01838,FI00035,1
OD002767,O01838,FI00075,1
OD002768,O01839,FI00474,1
OD002769,O01839,FI00353,1
OD002770,O01840,FI00242,1
OD002771,O01841,FI00294,1
OD002772,O01841,FI00164,1
OD002773,O01842,FI00396,2
OD002774,O01842,FI00160,1
OD002775,O01843,FI00399,2
OD002776,O01844,FI00147,2
OD002777,O01844,FI00492,1
OD002778,O01845,FI00019,2
OD002779,O01845,FI00245,2
OD002780,O01846,FI00216,1
OD002781,O01846,FI00284,1
OD002782,O01847,FI00466,1
OD002783,O01848,FI00391,1
OD002784,O01848,FI00175,2
OD002785,O01849,FI00106,1
OD002786,O01849,FI00318,2
OD002787,O01850,FI00208,1
OD002788,O01850,FI00184,2
OD002789,O01851,FI00333,2
OD002790,O01851,FI00379,2
OD002791,O01852,FI00219,2
OD002792,O01853,FI00231,2
OD002793,O01853,FI00099,2
OD002794,O01854,FI00401,1
OD002795,O01855,FI00124,2
OD002796,O01855,FI00438,1
OD002797,O01856,FI00211,1
OD002798,O01857,FI00238,2
OD002799,O01858,FI00497,2
OD002800,O01858,FI00340,1
OD002801,O01859,FI00036,1
OD002802,O01860,FI00193,1
OD002803,O01860,FI00415,2
OD002804,O01861,FI00194,1
OD002805,O01862,FI00093,1
OD002806,O01862,FI00016,1
OD002807,O01863,FI00153,1
OD002808,O01864,FI00296,1
OD002809,O01864,FI00211,2
OD002810,O01865,FI00197,2
OD002811,O01866,FI00069,1
OD002812,O01866,FI00340,1
OD002813,O01867,FI00142,2
OD002814,O01867,FI00316,1
OD002815,O01868,FI00342,2
OD002816,O01868,FI00423,1
OD002817,O01869,FI00451,1
OD002818,O01870,FI00491,2
OD002819,O01871,FI00474,2
OD002820,O01872,FI00006,1
OD002821,O01872,FI00034,2
OD002822,O01873,FI00184,1
OD002823,O01874,FI00013,2
OD002824,O01875,FI00281,2
OD002825,O01876,FI00352,1
OD002826,O01877,FI00146,2
OD002827,O01878,FI00179,2
OD002828,O01879,FI00071,2
OD002829,O01880,FI00368,1
OD002830,O01881,FI00428,2
OD002831,O01882,FI00315,2
OD002832,O01883,FI00352,2
OD002833,O01883,FI00116,1
OD002834,O01884,FI00411,1
OD002835,O01884,FI00416,2
OD002836,O01885,FI00164,2
OD002837,O01886,FI00141,1
OD002838,O01886,FI00278,1
OD002839,O01887,FI00326,1
OD002840,O01887,FI00388,1
OD002841,O01888,FI00474,1
OD002842,O01888,FI00450,1
OD002843,O01889,FI00191,2
OD002844,O01890,FI00016,2
OD002845,O01891,FI00382,1
OD002846,O01892,FI00363,2
OD002847,O01893,FI00220,1
OD002848,O01894,FI00419,2
OD002849,O01895,FI00283,1
OD002850,O01895,FI00002,2
OD002851,O01896,FI00346,1
OD002852,O01896,FI00239,1
OD002853,O01897,FI00307,1
OD002854,O01897,FI00243,2
OD002855,O01898,FI00135,2
OD002856,O01898,FI00486,2
OD002857,O01899,FI00324,1
OD002858,O01899,FI00241,2
OD002859,O01900,FI00075,1
OD002860,O01901,FI00163,2
OD002861,O01902,FI00193,1
OD002862,O01903,FI00454,2
OD002863,O01904,FI00360,2
OD002864,O01904,FI00044,2
OD002865,O01905,FI00116,1
OD002866,O01905,FI00113,1
OD002867,O01906,FI00314,1
OD002868,O01907,FI00387,1
OD002869,O01907,FI00305,2
OD002870,O01908,FI00414,2
OD002871,O01908,FI00159,1
OD002872,O01909,FI00130,1
OD002873,O01909,FI00328,2
OD002874,O01910,FI00087,2
OD002875,O01910,FI00059,1
OD002876,O01911,FI00410,1
OD002877,O01911,FI00133,2
OD002878,O01912,FI00016,1
OD002879,O01913,FI00422,2
OD002880,O01914,FI00500,2
OD002881,O01915,FI00316,1
OD002882,O01916,FI00162,1
OD002883,O01917,FI00047,1
OD002884,O01917,FI00185,1
OD002885,O01918,FI00375,2
OD002886,O01918,FI00012,1
OD002887,O01919,FI00015,1
OD002888,O01920,FI00113,1
OD002889,O01921,FI00479,2
OD002890,O01922,FI00094,2
OD002891,O01923,FI00371,2
OD002892,O01924,FI00010,2
OD002893,O01925,FI00088,2
OD002894,O01925,FI00265,1
OD002895,O01926,FI00311,1
OD002896,O01926,FI00308,2
OD002897,O01927,FI00031,1
OD002898,O01927,FI00019,2
OD002899,O01928,FI00454,2
OD002900,O01928,FI00074,2
OD002901,O01929,FI00431,1
OD002902,O01929,FI00411,2
OD002903,O01930,FI00393,2
OD002904,O01930,FI00402,1
OD002905,O01931,FI00230,1
OD002906,O01932,FI00032,2
OD002907,O01932,FI00088,1
OD002908,O01933,FI00281,1
OD002909,O01933,FI00427,1
OD002910,O01934,FI00445,1
OD002911,O01935,FI00287,2
OD002912,O01935,FI00412,1
OD002913,O01936,FI00445,1
OD002914,O01937,FI00354,2
OD002915,O01938,FI00240,1
OD002916,O01938,FI00089,2
OD002917,O01939,FI00236,2
OD002918,O01939,FI00268,1
OD002919,O01940,FI00370,1
OD002920,O01940,FI00459,1
OD002921,O01941,FI00350,2
OD002922,O01942,FI00025,1
OD002923,O01942,FI00213,1
OD002924,O01943,FI00228,2
OD002925,O01944,FI00378,2
OD002926,O01945,FI00448,2
OD002927,O01945,FI00301,2
OD002928,O01946,FI00170,2
OD002929,O01946,FI00017,1
OD002930,O01947,FI00352,1
OD002931,O01948,FI00076,2
OD002932,O01949,FI00076,1
OD002933,O01950,FI00125,1
OD002934,O01950,FI00170,2
OD002935,O01951,FI00397,1
OD002936,O01952,FI00228,2
OD002937,O01952,FI00427,2
OD002938,O01953,FI00449,2
OD002939,O01954,FI00233,2
OD002940,O01955,FI00261,1
OD002941,O01956,FI00175,2
OD002942,O01957,FI00058,1
OD002943,O01958,FI00281,2
OD002944,O01958,FI00188,2
OD002945,O01959,FI00155,2
OD002946,O01960,FI00319,1
OD002947,O01961,FI00216,2
OD002948,O01962,FI00471,2
OD002949,O01963,FI00018,2
OD002950,O01964,FI00158,2
OD002951,O01964,FI00277,1
OD002952,O01965,FI00325,1
OD002953,O01965,FI00149,2
OD002954,O01966,FI00135,1
OD002955,O01966,FI00036,2
OD002956,O01967,FI00388,1
OD002957,O01967,FI00026,2
OD002958,O01968,FI00146,1
OD002959,O01969,FI00143,1
OD002960,O01970,FI00230,2
OD002961,O01971,FI00422,1
OD002962,O01972,FI00304,1
OD002963,O01973,FI00402,2
OD002964,O01974,FI00097,2
OD002965,O01974,FI00021,1
OD002966,O01975,FI00164,2
OD002967,O01976,FI00076,1
OD002968,O01976,FI00360,1
OD002969,O01977,FI00407,1
OD002970,O01978,FI00193,1
OD002971,O01979,FI00174,2
OD002972,O01980,FI00130,2
OD002973,O01981,FI00211,1
OD002974,O01982,FI00441,1
OD002975,O01983,FI00137,1
OD002976,O01984,FI00377,2
OD002977,O01984,FI00316,2
OD002978,O01985,FI00259,2
OD002979,O01985,FI00032,1
OD002980,O01986,FI00055,2
OD002981,O01986,FI00036,1
OD002982,O01987,FI00113,2
OD002983,O01987,FI00494,2
OD002984,O01988,FI00168,1
OD002985,O01988,FI00185,1
OD002986,O01989,FI00093,2
OD002987,O01989,FI00006,1
OD002988,O01990,FI00305,1
OD002989,O01990,FI00127,1
OD002990,O01991,FI00257,1
OD002991,O01992,FI00324,1
OD002992,O01993,FI00418,1
OD002993,O01994,FI00310,1
OD002994,O01994,FI00435,2
OD002995,O01995,FI00379,1
OD002996,O01996,FI00415,2
OD002997,O01997,FI00044,1
OD002998,O01998,FI00275,1
OD002999,O01998,FI00007,1
OD003000,O01999,FI00088,2
OD003001,O01999,FI00155,2
OD003002,O02000,FI00394,1
OD003003,O02000,FI00313,2
OD003004,O02001,FI00245,2
OD003005,O02001,FI00014,2
OD003006,O02002,FI00462,1
OD003007,O02002,FI00163,1
OD003008,O02003,FI00368,1
OD003009,O02004,FI00316,2
OD003010,O02005,FI00336,1
OD003011,O02006,FI00013,2
OD003012,O02007,FI00376,2
OD003013,O02007,FI00218,1
OD003014,O02008,FI00067,2
OD003015,O02008,FI00334,2
OD003016,O02009,FI00113,1
OD003017,O02009,FI00492,1
OD003018,O02010,FI00467,1
OD003019,O02011,FI00388,1
OD003020,O02011,FI00152,1
OD003021,O02012,FI00116,2
OD003022,O02013,FI00409,2
OD003023,O02013,FI00344,2
OD003024,O02014,FI00287,1
OD003025,O02014,FI00097,2
OD003026,O02015,FI00323,1
OD003027,O02015,FI00234,2
OD003028,O02016,FI00259,1
OD003029,O02017,FI00376,2
OD003030,O02017,FI00287,1
OD003031,O02018,FI00315,1
OD003032,O02018,FI00161,2
OD003033,O02019,FI00091,2
OD003034,O02019,FI00343,2
OD003035,O02020,FI00108,2
OD003036,O02020,FI00117,1
OD003037,O02021,FI00144,1
OD003038,O02022,FI00406,1
OD003039,O02022,FI00066,1
OD003040,O02023,FI00455,2
OD003041,O02024,FI00268,2
OD003042,O02025,FI00269,2
OD003043,O02026,FI00281,2
OD003044,O02027,FI00345,1
OD003045,O02028,FI00499,1
OD003046,O02029,FI00149,2
OD003047,O02029,FI00128,1
OD003048,O02030,FI00086,1
OD003049,O02031,FI00442,1
OD003050,O02031,FI00185,1
OD003051,O02032,FI00385,2
OD003052,O02032,FI00264,2
OD003053,O02033,FI00082,2
OD003054,O02034,FI00275,2
OD003055,O02034,FI00340,2
OD003056,O02035,FI00398,2
OD003057,O02036,FI00269,1
OD003058,O02037,FI00084,2
OD003059,O02037,FI00141,2
OD003060,O02038,FI00254,2
OD003061,O02038,FI00241,2
OD003062,O02039,FI00077,1
OD003063,O02040,FI00418,2
OD003064,O02041,FI00456,1
OD003065,O02042,FI00491,1
OD003066,O02043,FI00209,2
OD003067,O02043,FI00156,2
OD003068,O02044,FI00372,2
OD003069,O02044,FI00124,1
OD003070,O02045,FI00041,1
OD003071,O02045,FI00182,2
OD003072,O02046,FI00367,1
OD003073,O02046,FI00154,1
OD003074,O02047,FI00348,1
OD003075,O02048,FI00335,1
OD003076,O02049,FI00468,1
OD003077,O02050,FI00484,1
OD003078,O02050,FI00205,1
OD003079,O02051,FI00394,1
OD003080,O02052,FI00460,2
OD003081,O02053,FI00400,2
OD003082,O02053,FI00277,1
OD003083,O02054,FI00263,1
OD003084,O02054,FI00155,2
OD003085,O02055,FI00342,2
OD003086,O02056,FI00484,1
OD003087,O02057,FI00339,1
OD003088,O02057,FI00275,1
OD003089,O02058,FI00399,2
OD003090,O02059,FI00300,2
OD003091,O02060,FI00044,1
OD003092,O02060,FI00355,2
OD003093,O02061,FI00011,1
OD003094,O02061,FI00275,2
OD003095,O02062,FI00213,2
OD003096,O02062,FI00249,1
OD003097,O02063,FI00335,1
OD003098,O02063,FI00308,2
OD003099,O02064,FI00091,2
OD003100,O02065,FI00202,1
OD003101,O02065,FI00165,2
OD003102,O02066,FI00291,1
OD003103,O02066,FI00079,2
OD003104,O02067,FI00338,2
OD003105,O02067,FI00466,2
OD003106,O02068,FI00334,1
OD003107,O02069,FI00267,1
OD003108,O02069,FI00460,1
OD003109,O02070,FI00019,2
OD003110,O02070,FI00231,2
OD003111,O02071,FI00065,2
OD003112,O02071,FI00377,2
OD003113,O02072,FI00060,2
OD003114,O02073,FI00373,2
OD003115,O02074,FI00361,2
OD003116,O02075,FI00271,2
OD003117,O02075,FI00447,2
OD003118,O02076,FI00308,1
OD003119,O02077,FI00170,1
OD003120,O02077,FI00127,1
OD003121,O02078,FI00133,1
OD003122,O02079,FI00210,1
OD003123,O02079,FI00269,1
OD003124,O02080,FI00136,1
OD003125,O02080,FI00305,1
OD003126,O02081,FI00120,1
OD003127,O02081,FI00159,2
OD003128,O02082,FI00357,1
OD003129,O02083,FI00134,2
OD003130,O02084,FI00263,2
OD003131,O02084,FI00286,1
OD003132,O02085,FI00108,1
OD003133,O02086,FI00063,2
OD003134,O02087,FI00418,1
OD003135,O02088,FI00171,2
OD003136,O02088,FI00331,1
OD003137,O02089,FI00169,1
OD003138,O02089,FI00294,2
OD003139,O02090,FI00024,1
OD003140,O02090,FI00223,2
OD003141,O02091,FI00005,1
OD003142,O02091,FI00311,1
OD003143,O02092,FI00297,1
OD003144,O02092,FI00131,1
OD003145,O02093,FI00441,2
OD003146,O02093,FI00117,1
OD003147,O02094,FI00300,2
OD003148,O02095,FI00463,2
OD003149,O02095,FI00145,1
OD003150,O02096,FI00205,1
OD003151,O02096,FI00029,1
OD003152,O02097,FI00388,2
OD003153,O02097,FI00008,2
OD003154,O02098,FI00110,2
OD003155,O02098,FI00202,1
OD003156,O02099,FI00427,1
OD003157,O02099,FI00427,1
OD003158,O02100,FI00053,2
OD003159,O02100,FI00085,2
OD003160,O02101,FI00072,1
OD003161,O02102,FI00022,2
OD003162,O02102,FI00056,2
OD003163,O02103,FI00241,1
OD003164,O02104,FI00150,2
OD003165,O02104,FI00385,1
OD003166,O02105,FI00155,1
OD003167,O02105,FI00331,2
OD003168,O02106,FI00218,1
OD003169,O02106,FI00044,1
OD003170,O02107,FI00405,2
OD003171,O02107,FI00126,1
OD003172,O02108,FI00110,2
OD003173,O02109,FI00203,2
OD003174,O02109,FI00030,1
OD003175,O02110,FI00378,2
OD003176,O02110,FI00462,2
OD003177,O02111,FI00217,1
OD003178,O02111,FI00127,2
OD003179,O02112,FI00426,1
OD003180,O02113,FI00038,1
OD003181,O02114,FI00244,2
OD003182,O02114,FI00135,2
OD003183,O02115,FI00263,2
OD003184,O02115,FI00244,1
OD003185,O02116,FI00139,2
OD003186,O02117,FI00173,2
OD003187,O02117,FI00069,1
OD003188,O02118,FI00189,2
OD003189,O02119,FI00230,1
OD003190,O02120,FI00448,1
OD003191,O02120,FI00481,2
OD003192,O02121,FI00295,1
OD003193,O02121,FI00331,2
OD003194,O02122,FI00091,1
OD003195,O02123,FI00222,2
OD003196,O02123,FI00493,1
OD003197,O02124,FI00182,1
OD003198,O02125,FI00182,1
OD003199,O02125,FI00091,1
OD003200,O02126,FI00325,2
OD003201,O02127,FI00310,1
OD003202,O02127,FI00039,1
OD003203,O02128,FI00237,2
OD003204,O02128,FI00403,1
OD003205,O02129,FI00211,2
OD003206,O02129,FI00134,2
OD003207,O02130,FI00201,1
OD003208,O02130,FI00429,2
OD003209,O02131,FI00481,2
OD003210,O02131,FI00003,2
OD003211,O02132,FI00130,1
OD003212,O02133,FI00397,2
OD003213,O02133,FI00030,2
OD003214,O02134,FI00129,2
OD003215,O02134,FI00368,1
OD003216,O02135,FI00279,2
OD003217,O02136,FI00155,2
OD003218,O02136,FI00387,2
OD003219,O02137,FI00047,1
OD003220,O02137,FI00163,1
OD003221,O02138,FI00432,2
OD003222,O02138,FI00321,2
OD003223,O02139,FI00456,1
OD003224,O02139,FI00088,1
OD003225,O02140,FI00374,1
OD003226,O02141,FI00191,2
OD003227,O02142,FI00095,1
OD003228,O02142,FI00009,1
OD003229,O02143,FI00169,2
OD003230,O02143,FI00147,2
OD003231,O02144,FI00218,1
OD003232,O02145,FI00191,2
OD003233,O02145,FI00287,2
OD003234,O02146,FI00298,1
OD003235,O02147,FI00273,2
OD003236,O02148,FI00059,2
OD003237,O02149,FI00157,1
OD003238,O02149,FI00419,2
OD003239,O02150,FI00158,1
OD003240,O02150,FI00198,2
OD003241,O02151,FI00151,1
OD003242,O02151,FI00217,2
OD003243,O02152,FI00202,1
OD003244,O02152,FI00434,1
OD003245,O02153,FI00006,1
OD003246,O02153,FI00491,2
OD003247,O02154,FI00302,2
OD003248,O02155,FI00112,2
OD003249,O02156,FI00493,2
OD003250,O02156,FI00385,2
OD003251,O02157,FI00427,1
OD003252,O02158,FI00235,1
OD003253,O02159,FI00323,2
OD003254,O02160,FI00090,2
OD003255,O02161,FI00339,2
OD003256,O02162,FI00145,1
OD003257,O02162,FI00455,2
OD003258,O02163,FI00034,2
OD003259,O02163,FI00269,2
OD003260,O02164,FI00241,2
OD003261,O02165,FI00480,2
OD003262,O02165,FI00087,2
OD003263,O02166,FI00118,2
OD003264,O02166,FI00310,2
OD003265,O02167,FI00364,1
OD003266,O02168,FI00393,2
OD003267,O02169,FI00432,1
OD003268,O02170,FI00266,1
OD003269,O02170,FI00025,1
OD003270,O02171,FI00149,1
OD003271,O02172,FI00064,2
OD003272,O02172,FI00415,2
OD003273,O02173,FI00183,1
OD003274,O02173,FI00311,2
OD003275,O02174,FI00174,1
OD003276,O02174,FI00242,1
OD003277,O02175,FI00389,2
OD003278,O02176,FI00040,2
OD003279,O02176,FI00213,1
OD003280,O02177,FI00081,1
OD003281,O02177,FI00325,2
OD003282,O02178,FI00341,2
OD003283,O02178,FI00369,2
OD003284,O02179,FI00413,1
OD003285,O02179,FI00454,1
OD003286,O02180,FI00294,2
OD003287,O02180,FI00493,2
OD003288,O02181,FI00488,1
OD003289,O02182,FI00250,2
OD003290,O02183,FI00375,2
OD003291,O02183,FI00280,2
OD003292,O02184,FI00260,2
OD003293,O02184,FI00024,1
OD003294,O02185,FI00149,2
OD003295,O02185,FI00093,1
OD003296,O02186,FI00362,1
OD003297,O02186,FI00131,2
OD003298,O02187,FI00210,1
OD003299,O02188,FI00109,2
OD003300,O02189,FI00183,2
OD003301,O02189,FI00018,2
OD003302,O02190,FI00135,1
OD003303,O02190,FI00067,2
OD003304,O02191,FI00429,1
OD003305,O02192,FI00298,1
OD003306,O02192,FI00353,1
OD003307,O02193,FI00335,2
OD003308,O02194,FI00061,2
OD003309,O02195,FI00258,2
OD003310,O02195,FI00342,1
OD003311,O02196,FI00024,1
OD003312,O02196,FI00065,2
OD003313,O02197,FI00332,1
OD003314,O02197,FI00138,2
OD003315,O02198,FI00157,2
OD003316,O02199,FI00377,1
OD003317,O02200,FI00178,2
OD003318,O02200,FI00032,2
OD003319,O02201,FI00081,2
OD003320,O02202,FI00235,1
OD003321,O02202,FI00116,2
OD003322,O02203,FI00382,1
OD003323,O02204,FI00009,2
OD003324,O02205,FI00269,1
OD003325,O02205,FI00422,2
OD003326,O02206,FI00214,1
OD003327,O02206,FI00296,1
OD003328,O02207,FI00378,2
OD003329,O02208,FI00396,2
OD003330,O02209,FI00054,2
OD003331,O02210,FI00029,2
OD003332,O02211,FI00169,1
OD003333,O02212,FI00065,1
OD003334,O02213,FI00314,2
OD003335,O02213,FI00075,1
OD003336,O02214,FI00175,2
OD003337,O02214,FI00013,1
OD003338,O02215,FI00399,2
OD003339,O02215,FI00402,2
OD003340,O02216,FI00484,2
OD003341,O02217,FI00069,1
OD003342,O02218,FI00346,2
OD003343,O02219,FI00038,1
OD003344,O02220,FI00190,1
OD003345,O02221,FI00280,1
OD003346,O02221,FI00493,1
OD003347,O02222,FI00135,2
OD003348,O02223,FI00291,2
OD003349,O02224,FI00138,2
OD003350,O02225,FI00476,1
OD003351,O02225,FI00404,2
OD003352,O02226,FI00294,1
OD003353,O02226,FI00153,1
OD003354,O02227,FI00031,1
OD003355,O02228,FI00005,2
OD003356,O02228,FI00479,1
OD003357,O02229,FI00328,1
OD003358,O02229,FI00477,2
OD003359,O02230,FI00027,2
OD003360,O02230,FI00177,2
OD003361,O02231,FI00035,2
OD003362,O02231,FI00472,2
OD003363,O02232,FI00249,2
OD003364,O02232,FI00116,1
OD003365,O02233,FI00347,1
OD003366,O02234,FI00431,2
OD003367,O02234,FI00388,1
OD003368,O02235,FI00422,2
OD003369,O02235,FI00289,2
OD003370,O02236,FI00334,1
OD003371,O02236,FI00265,2
OD003372,O02237,FI00362,2
OD003373,O02237,FI00059,1
OD003374,O02238,FI00279,1
OD003375,O02239,FI00176,1
OD003376,O02239,FI00170,2
OD003377,O02240,FI00323,1
OD003378,O02241,FI00487,2
OD003379,O02241,FI00111,2
OD003380,O02242,FI00254,2
OD003381,O02242,FI00067,2
OD003382,O02243,FI00318,2
OD003383,O02243,FI00429,2
OD003384,O02244,FI00248,2
OD003385,O02245,FI00480,1
OD003386,O02246,FI00479,2
OD003387,O02247,FI00416,1
OD003388,O02247,FI00239,2
OD003389,O02248,FI00179,2
OD003390,O02249,FI00347,1
OD003391,O02249,FI00013,1
OD003392,O02250,FI00265,1
OD003393,O02250,FI00477,1
OD003394,O02251,FI00391,2
OD003395,O02251,FI00074,1
OD003396,O02252,FI00215,1
OD003397,O02252,FI00375,2
OD003398,O02253,FI00258,2
OD003399,O02253,FI00466,2
OD003400,O02254,FI00074,2
OD003401,O02255,FI00438,1
OD003402,O02256,FI00356,2
OD003403,O02256,FI00113,1
OD003404,O02257,FI00415,1
OD003405,O02258,FI00428,2
OD003406,O02259,FI00054,1
OD003407,O02259,FI00117,2
OD003408,O02260,FI00329,2
OD003409,O02261,FI00321,1
OD003410,O02262,FI00283,2
OD003411,O02263,FI00341,2
OD003412,O02264,FI00493,1
OD003413,O02264,FI00242,2
OD003414,O02265,FI00223,1
OD003415,O02266,FI00451,1
OD003416,O02267,FI00209,1
OD003417,O02267,FI00210,2
OD003418,O02268,FI00391,2
OD003419,O02268,FI00298,2
OD003420,O02269,FI00245,1
OD003421,O02269,FI00182,2
OD003422,O02270,FI00247,1
OD003423,O02270,FI00007,2
OD003424,O02271,FI00487,1
OD003425,O02272,FI00083,2
OD003426,O02273,FI00418,2
OD003427,O02274,FI00120,2
OD003428,O02275,FI00235,1
OD003429,O02275,FI00394,1
OD003430,O02276,FI00343,2
OD003431,O02276,FI00173,1
OD003432,O02277,FI00001,2
OD003433,O02277,FI00348,1
OD003434,O02278,FI00033,1
OD003435,O02278,FI00386,2
OD003436,O02279,FI00401,1
OD003437,O02280,FI00330,1
OD003438,O02280,FI00394,2
OD003439,O02281,FI00263,2
OD003440,O02282,FI00162,1
OD003441,O02283,FI00251,2
OD003442,O02284,FI00368,2
OD003443,O02284,FI00475,1
OD003444,O02285,FI00372,2
OD003445,O02286,FI00023,2
OD003446,O02286,FI00353,1
OD003447,O02287,FI00175,2
OD003448,O02287,FI00087,2
OD003449,O02288,FI00225,1
OD003450,O02288,FI00330,1
OD003451,O02289,FI00360,2
OD003452,O02290,FI00333,2
OD003453,O02290,FI00244,1
OD003454,O02291,FI00391,2
OD003455,O02291,FI00309,2
OD003456,O02292,FI00152,1
OD003457,O02292,FI00255,1
OD003458,O02293,FI00376,1
OD003459,O02293,FI00014,2
OD003460,O02294,FI00016,2
OD003461,O02294,FI00489,2
OD003462,O02295,FI00453,1
OD003463,O02296,FI00002,1
OD003464,O02297,FI00180,2
OD003465,O02298,FI00187,2
OD003466,O02298,FI00080,1
OD003467,O02299,FI00210,1
OD003468,O02300,FI00346,1
OD003469,O02301,FI00477,2
OD003470,O02302,FI00450,2
OD003471,O02302,FI00073,1
OD003472,O02303,FI00220,2
OD003473,O02304,FI00320,2
OD003474,O02305,FI00150,2
OD003475,O02306,FI00337,2
OD003476,O02307,FI00015,2
OD003477,O02308,FI00398,1
OD003478,O02309,FI00172,2
OD003479,O02309,FI00364,2
OD003480,O02310,FI00283,2
OD003481,O02311,FI00018,1
OD003482,O02311,FI00136,1
OD003483,O02312,FI00283,2
OD003484,O02312,FI00498,1
OD003485,O02313,FI00035,1
OD003486,O02313,FI00145,2
OD003487,O02314,FI00178,1
OD003488,O02315,FI00444,1
OD003489,O02316,FI00164,1
OD003490,O02317,FI00181,1
OD003491,O02318,FI00223,1
OD003492,O02318,FI00095,2
OD003493,O02319,FI00002,1
OD003494,O02319,FI00040,2
OD003495,O02320,FI00492,1
OD003496,O02320,FI00429,2
OD003497,O02321,FI00202,1
OD003498,O02322,FI00030,2
OD003499,O02323,FI00342,2
OD003500,O02324,FI00128,2
OD003501,O02324,FI00219,1
OD003502,O02325,FI00097,1
OD003503,O02325,FI00226,1
OD003504,O02326,FI00106,2
OD003505,O02326,FI00291,2
OD003506,O02327,FI00324,2
OD003507,O02327,FI00383,2
OD003508,O02328,FI00081,1
OD003509,O02329,FI00278,1
OD003510,O02330,FI00307,1
OD003511,O02330,FI00387,2
OD003512,O02331,FI00196,2
OD003513,O02332,FI00264,1
OD003514,O02332,FI00499,1
OD003515,O02333,FI00320,2
OD003516,O02333,FI00174,1
OD003517,O02334,FI00026,1
OD003518,O02334,FI00477,1
OD003519,O02335,FI00036,1
OD003520,O02335,FI00081,1
OD003521,O02336,FI00448,2
OD003522,O02337,FI00266,2
OD003523,O02338,FI00016,2
OD003524,O02339,FI00169,1
OD003525,O02340,FI00409,2
OD003526,O02341,FI00363,1
OD003527,O02342,FI00234,1
OD003528,O02342,FI00442,1
OD003529,O02343,FI00085,2
OD003530,O02343,FI00012,1
OD003531,O02344,FI00078,2
OD003532,O02344,FI00248,2
OD003533,O02345,FI00290,1
OD003534,O02345,FI00306,2
OD003535,O02346,FI00374,2
OD003536,O02346,FI00314,1
OD003537,O02347,FI00403,2
OD003538,O02347,FI00310,1
OD003539,O02348,FI00230,1
OD003540,O02349,FI00341,2
OD003541,O02350,FI00117,2
OD003542,O02351,FI00080,2
OD003543,O02352,FI00108,1
OD003544,O02353,FI00388,2
OD003545,O02354,FI00057,2
OD003546,O02354,FI00387,1
OD003547,O02355,FI00033,2
OD003548,O02356,FI00209,2
OD003549,O02356,FI00170,1
OD003550,O02357,FI00205,1
OD003551,O02358,FI00325,1
OD003552,O02358,FI00325,2
OD003553,O02359,FI00493,2
OD003554,O02359,FI00444,2
OD003555,O02360,FI00263,1
OD003556,O02360,FI00284,2
OD003557,O02361,FI00406,1
OD003558,O02361,FI00474,1
OD003559,O02362,FI00202,1
OD003560,O02362,FI00147,1
OD003561,O02363,FI00406,2
OD003562,O02363,FI00308,1
OD003563,O02364,FI00002,2
OD003564,O02364,FI00376,2
OD003565,O02365,FI00359,1
OD003566,O02366,FI00458,2
OD003567,O02367,FI00352,2
OD003568,O02368,FI00340,1
OD003569,O02368,FI00319,2
OD003570,O02369,FI00419,1
OD003571,O02369,FI00209,2
OD003572,O02370,FI00297,2
OD003573,O02371,FI00183,1
OD003574,O02371,FI00490,2
OD003575,O02372,FI00252,1
OD003576,O02373,FI00337,1
OD003577,O02374,FI00493,1
OD003578,O02375,FI00244,2
OD003579,O02375,FI00263,1
OD003580,O02376,FI00246,1
OD003581,O02376,FI00154,2
OD003582,O02377,FI00146,2
OD003583,O02377,FI00020,1
OD003584,O02378,FI00404,1
OD003585,O02379,FI00490,1
OD003586,O02380,FI00250,2
OD003587,O02380,FI00273,1
OD003588,O02381,FI00353,1
OD003589,O02381,FI00353,2
OD003590,O02382,FI00018,2
OD003591,O02382,FI00115,2
OD003592,O02383,FI00385,1
OD003593,O02384,FI00185,2
OD003594,O02384,FI00051,2
OD003595,O02385,FI00068,2
OD003596,O02385,FI00083,1
OD003597,O02386,FI00176,1
OD003598,O02387,FI00152,1
OD003599,O02388,FI00093,1
OD003600,O02388,FI00210,2
OD003601,O02389,FI00282,1
OD003602,O02389,FI00354,2
OD003603,O02390,FI00494,2
OD003604,O02390,FI00291,1
OD003605,O02391,FI00301,1
OD003606,O02391,FI00181,2
OD003607,O02392,FI00486,2
OD003608,O02392,FI00277,1
OD003609,O02393,FI00483,2
OD003610,O02393,FI00197,1
OD003611,O02394,FI00209,1
OD003612,O02395,FI00362,1
OD003613,O02395,FI00456,2
OD003614,O02396,FI00355,2
OD003615,O02396,FI00285,2
OD003616,O02397,FI00292,1
OD003617,O02397,FI00481,1
OD003618,O02398,FI00342,1
OD003619,O02398,FI00231,2
OD003620,O02399,FI00357,1
OD003621,O02399,FI00128,2
OD003622,O02400,FI00104,2
OD003623,O02400,FI00061,1
OD003624,O02401,FI00320,2
OD003625,O02401,FI00470,1
OD003626,O02402,FI00040,1
OD003627,O02402,FI00185,2
OD003628,O02403,FI00335,2
OD003629,O02403,FI00329,1
OD003630,O02404,FI00048,2
OD003631,O02405,FI00232,2
OD003632,O02405,FI00029,2
OD003633,O02406,FI00252,1
OD003634,O02407,FI00382,1
OD003635,O02408,FI00194,1
OD003636,O02409,FI00101,2
OD003637,O02409,FI00109,2
OD003638,O02410,FI00275,2
OD003639,O02410,FI00133,2
OD003640,O02411,FI00166,2
OD003641,O02412,FI00377,1
OD003642,O02413,FI00017,1
OD003643,O02414,FI00472,2
OD003644,O02414,FI00043,1
OD003645,O02415,FI00421,1
OD003646,O02416,FI00491,1
OD003647,O02416,FI00406,2
OD003648,O02417,FI00006,1
OD003649,O02418,FI00486,1
OD003650,O02419,FI00405,2
OD003651,O02419,FI00134,1
OD003652,O02420,FI00500,2
OD003653,O02420,FI00333,1
OD003654,O02421,FI00030,1
OD003655,O02422,FI00073,1
OD003656,O02422,FI00301,2
OD003657,O02423,FI00350,2
OD003658,O02424,FI00342,2
OD003659,O02425,FI00175,2
OD003660,O02426,FI00124,2
OD003661,O02427,FI00280,1
OD003662,O02427,FI00440,1
OD003663,O02428,FI00066,2
OD003664,O02428,FI00300,2
OD003665,O02429,FI00252,1
OD003666,O02429,FI00163,2
OD003667,O02430,FI00499,2
OD003668,O02431,FI00165,1
OD003669,O02432,FI00311,1
OD003670,O02432,FI00431,1
OD003671,O02433,FI00369,1
OD003672,O02433,FI00041,2
OD003673,O02434,FI00404,1
OD003674,O02435,FI00392,2
OD003675,O02435,FI00033,2
OD003676,O02436,FI00107,2
OD003677,O02436,FI00307,2
OD003678,O02437,FI00273,2
OD003679,O02437,FI00439,2
OD003680,O02438,FI00127,1
OD003681,O02438,FI00328,1
OD003682,O02439,FI00163,2
OD003683,O02439,FI00191,1
OD003684,O02440,FI00051,2
OD003685,O02440,FI00072,1
OD003686,O02441,FI00037,2
OD003687,O02442,FI00195,2
OD003688,O02443,FI00049,1
OD003689,O02443,FI00032,1
OD003690,O02444,FI00104,2
OD003691,O02444,FI00228,2
OD003692,O02445,FI00193,2
OD003693,O02445,FI00160,2
OD003694,O02446,FI00031,1
OD003695,O02446,FI00393,2
OD003696,O02447,FI00365,1
OD003697,O02448,FI00075,1
OD003698,O02449,FI00257,1
OD003699,O02449,FI00436,1
OD003700,O02450,FI00021,1
OD003701,O02450,FI00372,1
OD003702,O02451,FI00183,1
OD003703,O02451,FI00354,1
OD003704,O02452,FI00384,1
OD003705,O02453,FI00481,1
OD003706,O02454,FI00454,1
OD003707,O02455,FI00131,1
OD003708,O02455,FI00309,1
OD003709,O02456,FI00333,2
OD003710,O02457,FI00318,1
OD003711,O02457,FI00144,1
OD003712,O02458,FI00027,2
OD003713,O02459,FI00247,1
OD003714,O02459,FI00197,2
OD003715,O02460,FI00122,2
OD003716,O02461,FI00089,2
OD003717,O02461,FI00249,2
OD003718,O02462,FI00078,2
OD003719,O02463,FI00465,1
OD003720,O02464,FI00010,2
OD003721,O02464,FI00043,2
OD003722,O02465,FI00291,2
OD003723,O02466,FI00067,2
OD003724,O02466,FI00431,1
OD003725,O02467,FI00059,2
OD003726,O02468,FI00320,1
OD003727,O02469,FI00200,1
OD003728,O02470,FI00165,1
OD003729,O02471,FI00382,2
OD003730,O02472,FI00023,1
OD003731,O02472,FI00256,1
OD003732,O02473,FI00380,2
OD003733,O02473,FI00237,2
OD003734,O02474,FI00015,2
OD003735,O02474,FI00436,1
OD003736,O02475,FI00470,2
OD003737,O02476,FI00293,2
OD003738,O02476,FI00359,1
OD003739,O02477,FI00413,2
OD003740,O02477,FI00324,1
OD003741,O02478,FI00409,1
OD003742,O02479,FI00359,1
OD003743,O02479,FI00092,2
OD003744,O02480,FI00336,1
OD003745,O02481,FI00172,2
OD003746,O02482,FI00325,2
OD003747,O02482,FI00260,1
OD003748,O02483,FI00080,2
OD003749,O02484,FI00302,1
OD003750,O02484,FI00172,1
OD003751,O02485,FI00145,2
OD003752,O02486,FI00018,1
OD003753,O02486,FI00380,2
OD003754,O02487,FI00209,1
OD003755,O02487,FI00143,2
OD003756,O02488,FI00162,2
OD003757,O02489,FI00220,2
OD003758,O02490,FI00240,2
OD003759,O02491,FI00246,2
OD003760,O02492,FI00461,2
OD003761,O02492,FI00044,1
OD003762,O02493,FI00409,2
OD003763,O02494,FI00424,2
OD003764,O02494,FI00175,1
OD003765,O02495,FI00229,1
OD003766,O02496,FI00141,2
OD003767,O02497,FI00459,1
OD003768,O02497,FI00048,2
OD003769,O02498,FI00479,1
OD003770,O02499,FI00222,1
OD003771,O02500,FI00072,2
